actor,condition,seed,layout_sha256,baseline_outcome,candidate_outcome,baseline_yaw_flips_per_s,candidate_yaw_flips_per_s,yaw_flips_delta_per_s,baseline_wall_contact_steps,candidate_wall_contact_steps,baseline_completion_s,candidate_completion_s,paired_success_completion_delta_s
armV5-s8,nominal,120000,891931851c593123,time_out,time_out,1.268,0.665,-0.603,0,0,,,
armV5-s8,nominal,120001,b7771a6a1f2b2ca1,goal,goal,2.48,1.197,-1.283,0,0,56.64,56.12,-0.5200000000000031
armV5-s8,nominal,120002,750f7dd80e413146,goal,goal,2.62,1.417,-1.203,0,0,76.96,49.0,-27.959999999999994
armV5-s8,nominal,120003,d3726573523cb544,goal,goal,2.191,0.891,-1.2999999999999998,0,0,113.72,145.8,32.08000000000001
armV5-s8,nominal,120004,536d4696bb2ba187,time_out,goal,1.436,1.049,-0.387,0,0,,162.12,
armV5-s8,nominal,120005,bca20dac0650f0bd,time_out,time_out,1.296,0.989,-0.30700000000000005,0,0,,,
armV5-s8,nominal,120006,a2d6778190affaad,goal,goal,2.571,1.374,-1.197,0,0,60.52,56.32,-4.200000000000003
armV5-s8,nominal,120007,0f7a1c80ef550b06,goal,goal,2.22,1.267,-0.9530000000000003,0,0,100.12,52.32,-47.800000000000004
armV5-s8,nominal,120008,0330f6329871cd4e,goal,goal,2.363,1.308,-1.055,0,0,88.6,84.36,-4.239999999999995
armV5-s8,nominal,120009,34fbe944a60eeccc,goal,goal,2.537,1.373,-1.164,0,0,81.4,79.68,-1.7199999999999989
armV5-s8,nominal,120010,63fa2f69516be1af,goal,goal,2.686,1.262,-1.424,0,0,93.72,85.0,-8.719999999999999
armV5-s8,nominal,120011,6727b2596a45548a,time_out,goal,0.983,1.311,0.32799999999999996,0,0,,86.4,
armV5-s8,nominal,120012,46ce1da80803ab74,goal,goal,2.276,1.408,-0.8679999999999999,0,0,77.44,63.52,-13.919999999999995
armV5-s8,nominal,120013,2b292a0cc9fb6b2e,time_out,goal,0.743,1.245,0.5020000000000001,0,0,,78.12,
armV5-s8,nominal,120014,f06db7ebb18553f9,goal,goal,2.422,1.155,-1.2670000000000001,0,0,58.4,61.6,3.200000000000003
armV5-s8,nominal,120015,10616dc1955dbef2,goal,goal,2.769,1.3,-1.469,0,0,38.56,43.32,4.759999999999998
armV5-s8,nominal,120016,c319e4b4194d049c,goal,goal,3.044,1.392,-1.6520000000000001,0,0,45.68,40.52,-5.159999999999997
armV5-s8,nominal,120017,7bb351580ae90674,goal,goal,2.297,1.662,-0.6350000000000002,0,0,72.4,80.4,8.0
armV5-s8,nominal,120018,d878df703b4304bb,goal,goal,3.644,1.626,-2.0180000000000002,0,0,40.24,38.52,-1.7199999999999989
armV5-s8,nominal,120019,1179ad4e5f885622,goal,goal,3.054,1.396,-1.658,0,0,43.24,55.44,12.199999999999996
armV5-s8,nominal,120020,cd84dbd57df498f8,goal,goal,2.747,1.48,-1.267,0,0,62.88,57.76,-5.1200000000000045
armV5-s8,nominal,120021,3086b8b06af55f60,goal,goal,3.178,1.387,-1.791,0,0,38.76,38.48,-0.28000000000000114
armV5-s8,nominal,120022,683b8820e0def0ea,goal,goal,2.123,1.183,-0.9400000000000002,7,0,97.56,88.92,-8.64
armV5-s8,nominal,120023,4430e66474e54b08,goal,goal,3.067,1.588,-1.479,0,0,46.64,42.56,-4.079999999999998
armV5-s8,nominal,120024,1a14ec91a6535a8e,goal,goal,2.676,1.381,-1.2950000000000002,0,0,75.36,71.96,-3.4000000000000057
armV5-s8,nominal,120025,9a3a8dd160f24e3e,goal,goal,2.586,0.871,-1.7149999999999999,0,0,70.6,165.2,94.6
armV5-s8,nominal,120026,1d44f7af88078957,goal,goal,3.264,1.485,-1.7789999999999997,0,0,46.04,42.08,-3.960000000000001
armV5-s8,nominal,120027,7495f7f8690434d5,goal,goal,2.496,1.327,-1.169,0,0,53.88,49.24,-4.640000000000001
armV5-s8,nominal,120028,6e901615efebdfe0,time_out,time_out,0.799,0.369,-0.43000000000000005,0,0,,,
armV5-s8,nominal,120029,ed5284fa9c71da4f,time_out,goal,1.447,1.435,-0.01200000000000001,0,0,,51.88,
armV5-s8,nominal,120030,82277d47decb1ccb,goal,goal,3.256,1.647,-1.6089999999999998,0,0,46.76,42.28,-4.479999999999997
armV5-s8,nominal,120031,00189acf2be40701,time_out,goal,1.737,1.287,-0.4500000000000002,0,0,,96.56,
armV5-s8,nominal,120032,774fe2e241778ee7,fall,goal,2.868,1.455,-1.4129999999999998,4,0,,64.24,
armV5-s8,nominal,120033,94297f9c7e04e2e7,time_out,goal,1.603,1.201,-0.4019999999999999,0,0,,93.4,
armV5-s8,nominal,120034,158a914971e37ff5,goal,goal,2.822,1.518,-1.304,0,0,51.68,47.76,-3.9200000000000017
armV5-s8,nominal,120035,ba331fc0729a2ae3,goal,goal,3.067,1.55,-1.5170000000000001,0,0,46.64,42.28,-4.359999999999999
armV5-s8,nominal,120036,235ab5cbd69d66e2,time_out,time_out,1.603,0.698,-0.905,0,0,,,
armV5-s8,nominal,120037,19e9a2fb8e10913b,goal,time_out,2.722,1.682,-1.04,0,0,139.48,,
armV5-s8,nominal,120038,143c8eebbb97071f,goal,goal,3.306,1.643,-1.663,0,0,47.28,43.6,-3.6799999999999997
armV5-s8,nominal,120039,d25bdfbca0ca0ebc,goal,goal,2.928,1.25,-1.678,0,0,45.4,45.8,0.3999999999999986
armV5-s8,nominal,120040,2688b82587d1220d,goal,time_out,1.303,0.838,-0.46499999999999997,0,0,172.2,,
armV5-s8,nominal,120041,b4466557c0ebfc61,goal,goal,2.833,1.237,-1.596,0,0,71.96,99.6,27.64
armV5-s8,nominal,120042,580e9667538fb204,goal,goal,2.644,1.426,-1.2180000000000002,0,0,50.16,47.28,-2.8799999999999955
armV5-s8,nominal,120043,99856f3218ee8e52,goal,goal,2.896,1.519,-1.377,0,0,63.84,60.24,-3.6000000000000014
armV5-s8,nominal,120044,5c31a7355e794032,goal,goal,2.778,1.602,-1.176,0,0,67.6,48.44,-19.159999999999997
armV5-s8,nominal,120045,f019b1682f41481c,time_out,time_out,1.201,0.76,-0.44100000000000006,0,0,,,
armV5-s8,nominal,120046,1305e10d06dc159d,goal,goal,2.925,1.339,-1.5859999999999999,0,0,37.92,36.84,-1.0799999999999983
armV5-s8,nominal,120047,a5931be8c2a5317f,goal,goal,2.703,1.414,-1.289,0,0,46.88,43.44,-3.440000000000005
armV5-s8,drop35,120000,891931851c593123,goal,goal,3.865,1.632,-2.2330000000000005,0,0,49.12,47.56,-1.5599999999999952
armV5-s8,drop35,120001,b7771a6a1f2b2ca1,goal,goal,2.861,1.372,-1.489,0,0,65.32,65.16,-0.1599999999999966
armV5-s8,drop35,120002,750f7dd80e413146,goal,goal,2.807,1.415,-1.392,0,0,72.6,54.0,-18.599999999999994
armV5-s8,drop35,120003,d3726573523cb544,time_out,time_out,4.33,1.168,-3.162,0,0,,,
armV5-s8,drop35,120004,536d4696bb2ba187,time_out,goal,1.531,1.223,-0.30799999999999983,0,0,,151.48,
armV5-s8,drop35,120005,bca20dac0650f0bd,time_out,time_out,1.48,0.816,-0.664,0,0,,,
armV5-s8,drop35,120006,a2d6778190affaad,goal,goal,2.997,1.502,-1.4949999999999999,0,0,74.4,72.24,-2.160000000000011
armV5-s8,drop35,120007,0f7a1c80ef550b06,goal,goal,2.874,1.323,-1.5510000000000002,0,0,65.72,69.76,4.040000000000006
armV5-s8,drop35,120008,0330f6329871cd4e,goal,goal,2.65,1.052,-1.5979999999999999,0,0,106.28,130.32,24.039999999999992
armV5-s8,drop35,120009,34fbe944a60eeccc,goal,goal,2.683,1.444,-1.2389999999999999,0,0,102.76,97.92,-4.840000000000003
armV5-s8,drop35,120010,63fa2f69516be1af,goal,goal,2.554,1.383,-1.1709999999999998,0,0,119.64,108.0,-11.64
armV5-s8,drop35,120011,6727b2596a45548a,goal,goal,2.541,1.476,-1.065,0,0,121.8,89.76,-32.03999999999999
armV5-s8,drop35,120012,46ce1da80803ab74,goal,time_out,2.09,0.559,-1.5309999999999997,0,0,118.2,,
armV5-s8,drop35,120013,2b292a0cc9fb6b2e,goal,time_out,2.648,0.531,-2.117,0,0,102.2,,
armV5-s8,drop35,120014,f06db7ebb18553f9,goal,goal,2.99,1.568,-1.4220000000000002,0,0,54.84,103.04,48.2
armV5-s8,drop35,120015,10616dc1955dbef2,goal,goal,2.686,1.449,-1.2369999999999999,0,0,56.84,49.32,-7.520000000000003
armV5-s8,drop35,120016,c319e4b4194d049c,goal,goal,3.078,1.537,-1.541,0,0,56.56,52.4,-4.160000000000004
armV5-s8,drop35,120017,7bb351580ae90674,goal,goal,2.719,1.825,-0.8939999999999999,0,0,78.6,91.96,13.36
armV5-s8,drop35,120018,d878df703b4304bb,goal,goal,3.67,1.912,-1.758,0,0,50.32,44.4,-5.920000000000002
armV5-s8,drop35,120019,1179ad4e5f885622,goal,goal,2.776,1.252,-1.5239999999999998,0,0,58.28,64.88,6.599999999999994
armV5-s8,drop35,120020,cd84dbd57df498f8,goal,goal,2.798,1.41,-1.3880000000000001,0,0,72.48,70.48,-2.0
armV5-s8,drop35,120021,3086b8b06af55f60,goal,goal,3.791,1.652,-2.1390000000000002,0,0,52.44,45.8,-6.640000000000001
armV5-s8,drop35,120022,683b8820e0def0ea,goal,goal,2.694,1.34,-1.3539999999999999,0,0,116.44,108.44,-8.0
armV5-s8,drop35,120023,4430e66474e54b08,goal,goal,3.524,1.762,-1.762,0,0,57.76,52.64,-5.119999999999997
armV5-s8,drop35,120024,1a14ec91a6535a8e,goal,goal,2.716,1.318,-1.3980000000000001,0,0,97.08,86.76,-10.319999999999993
armV5-s8,drop35,120025,9a3a8dd160f24e3e,time_out,goal,1.397,1.145,-0.252,0,0,,150.4,
armV5-s8,drop35,120026,1d44f7af88078957,goal,goal,3.168,1.555,-1.6130000000000002,0,0,59.08,53.72,-5.359999999999999
armV5-s8,drop35,120027,7495f7f8690434d5,goal,goal,2.202,1.404,-0.798,0,0,120.0,63.68,-56.32
armV5-s8,drop35,120028,6e901615efebdfe0,time_out,time_out,2.117,0.497,-1.62,0,0,,,
armV5-s8,drop35,120029,ed5284fa9c71da4f,goal,time_out,3.012,0.989,-2.023,0,0,69.72,,
armV5-s8,drop35,120030,82277d47decb1ccb,goal,goal,3.395,1.665,-1.73,0,0,59.32,51.44,-7.880000000000003
armV5-s8,drop35,120031,00189acf2be40701,goal,time_out,2.22,1.33,-0.8900000000000001,0,0,166.76,,
armV5-s8,drop35,120032,774fe2e241778ee7,fall,goal,2.621,1.452,-1.169,0,0,,74.68,
armV5-s8,drop35,120033,94297f9c7e04e2e7,goal,time_out,1.822,1.14,-0.6820000000000002,0,0,173.36,,
armV5-s8,drop35,120034,158a914971e37ff5,goal,goal,3.182,1.633,-1.549,0,0,60.72,57.96,-2.759999999999998
armV5-s8,drop35,120035,ba331fc0729a2ae3,goal,goal,3.268,1.421,-1.8469999999999998,0,0,60.36,51.68,-8.68
armV5-s8,drop35,120036,235ab5cbd69d66e2,fall,time_out,3.873,2.726,-1.1470000000000002,56,0,,,
armV5-s8,drop35,120037,19e9a2fb8e10913b,time_out,time_out,1.324,0.777,-0.547,0,0,,,
armV5-s8,drop35,120038,143c8eebbb97071f,goal,goal,3.751,1.387,-2.364,0,0,62.32,80.28,17.96
armV5-s8,drop35,120039,d25bdfbca0ca0ebc,goal,goal,3.087,1.486,-1.6010000000000002,0,0,57.04,51.48,-5.560000000000002
armV5-s8,drop35,120040,2688b82587d1220d,time_out,time_out,1.542,0.916,-0.626,0,0,,,
armV5-s8,drop35,120041,b4466557c0ebfc61,goal,goal,2.946,1.458,-1.4880000000000002,0,0,102.84,86.76,-16.08
armV5-s8,drop35,120042,580e9667538fb204,goal,goal,3.293,1.427,-1.866,0,0,62.64,57.08,-5.560000000000002
armV5-s8,drop35,120043,99856f3218ee8e52,time_out,time_out,3.464,1.24,-2.224,0,0,,,
armV5-s8,drop35,120044,5c31a7355e794032,goal,goal,3.064,1.625,-1.439,0,0,79.0,75.48,-3.519999999999996
armV5-s8,drop35,120045,f019b1682f41481c,time_out,goal,1.408,0.984,-0.42399999999999993,0,0,,178.92,
armV5-s8,drop35,120046,1305e10d06dc159d,goal,goal,3.041,1.431,-1.6099999999999999,0,0,48.68,45.72,-2.960000000000001
armV5-s8,drop35,120047,a5931be8c2a5317f,time_out,goal,1.749,1.484,-0.2650000000000001,0,0,,56.24,
armV5-s9,nominal,120000,891931851c593123,goal,goal,4.339,1.788,-2.551,0,0,39.72,34.56,-5.159999999999997
armV5-s9,nominal,120001,b7771a6a1f2b2ca1,goal,goal,3.244,1.607,-1.6370000000000002,0,0,53.72,48.92,-4.799999999999997
armV5-s9,nominal,120002,750f7dd80e413146,goal,goal,3.878,1.909,-1.969,0,0,51.8,46.04,-5.759999999999998
armV5-s9,nominal,120003,d3726573523cb544,goal,goal,3.365,1.461,-1.9040000000000001,0,0,59.84,92.72,32.879999999999995
armV5-s9,nominal,120004,536d4696bb2ba187,goal,goal,3.162,1.378,-1.784,0,0,103.48,133.8,30.320000000000007
armV5-s9,nominal,120005,bca20dac0650f0bd,fall,goal,3.354,1.777,-1.5770000000000002,0,0,,42.08,
armV5-s9,nominal,120006,a2d6778190affaad,fall,goal,1.522,1.831,0.30899999999999994,16,0,,51.8,
armV5-s9,nominal,120007,0f7a1c80ef550b06,goal,goal,3.662,1.921,-1.7409999999999999,0,0,111.6,112.92,1.3200000000000074
armV5-s9,nominal,120008,0330f6329871cd4e,goal,goal,3.759,1.727,-2.032,0,0,81.08,74.52,-6.560000000000002
armV5-s9,nominal,120009,34fbe944a60eeccc,goal,goal,3.84,1.754,-2.086,0,0,84.08,72.28,-11.799999999999997
armV5-s9,nominal,120010,63fa2f69516be1af,goal,goal,3.374,1.661,-1.713,0,0,89.92,80.48,-9.439999999999998
armV5-s9,nominal,120011,6727b2596a45548a,goal,goal,3.723,1.84,-1.8829999999999998,0,0,76.48,66.76,-9.719999999999999
armV5-s9,nominal,120012,46ce1da80803ab74,goal,goal,3.328,1.74,-1.5879999999999999,0,0,65.0,56.16,-8.840000000000003
armV5-s9,nominal,120013,2b292a0cc9fb6b2e,goal,goal,3.555,1.748,-1.8070000000000002,0,0,78.36,69.08,-9.280000000000001
armV5-s9,nominal,120014,f06db7ebb18553f9,goal,goal,3.499,1.745,-1.754,0,0,38.44,34.24,-4.199999999999996
armV5-s9,nominal,120015,10616dc1955dbef2,goal,goal,4.258,2.138,-2.12,0,0,42.8,37.48,-5.32
armV5-s9,nominal,120016,c319e4b4194d049c,goal,goal,3.733,1.735,-1.998,0,0,47.88,40.76,-7.1200000000000045
armV5-s9,nominal,120017,7bb351580ae90674,goal,goal,3.412,1.571,-1.841,0,0,56.4,51.28,-5.119999999999997
armV5-s9,nominal,120018,d878df703b4304bb,goal,goal,2.991,1.882,-1.1090000000000002,0,0,154.48,35.0,-119.47999999999999
armV5-s9,nominal,120019,1179ad4e5f885622,goal,time_out,3.829,1.022,-2.8070000000000004,0,0,42.0,,
armV5-s9,nominal,120020,cd84dbd57df498f8,goal,goal,3.634,1.691,-1.9429999999999998,0,0,58.52,52.44,-6.080000000000005
armV5-s9,nominal,120021,3086b8b06af55f60,goal,goal,4.625,1.978,-2.6470000000000002,0,0,43.16,34.88,-8.279999999999994
armV5-s9,nominal,120022,683b8820e0def0ea,fall,goal,3.454,1.744,-1.7100000000000002,10,0,,76.68,
armV5-s9,nominal,120023,4430e66474e54b08,goal,goal,3.805,2.054,-1.7510000000000003,0,0,65.92,41.4,-24.520000000000003
armV5-s9,nominal,120024,1a14ec91a6535a8e,goal,goal,3.725,1.855,-1.87,0,0,75.64,66.24,-9.400000000000006
armV5-s9,nominal,120025,9a3a8dd160f24e3e,time_out,goal,1.547,1.466,-0.08099999999999996,0,0,,69.2,
armV5-s9,nominal,120026,1d44f7af88078957,goal,goal,4.174,1.789,-2.3850000000000007,0,0,48.2,46.28,-1.9200000000000017
armV5-s9,nominal,120027,7495f7f8690434d5,goal,goal,3.555,1.716,-1.8390000000000002,0,0,52.48,47.04,-5.439999999999998
armV5-s9,nominal,120028,6e901615efebdfe0,goal,goal,3.601,1.902,-1.699,0,0,96.24,83.04,-13.199999999999989
armV5-s9,nominal,120029,ed5284fa9c71da4f,goal,goal,3.736,1.788,-1.9480000000000002,0,0,81.04,79.84,-1.2000000000000028
armV5-s9,nominal,120030,82277d47decb1ccb,goal,time_out,4.163,1.385,-2.7780000000000005,0,1,48.8,,
armV5-s9,nominal,120031,00189acf2be40701,goal,goal,3.345,1.663,-1.6820000000000002,0,0,89.8,83.96,-5.840000000000003
armV5-s9,nominal,120032,774fe2e241778ee7,goal,goal,3.443,1.818,-1.625,0,0,65.48,58.2,-7.280000000000001
armV5-s9,nominal,120033,94297f9c7e04e2e7,fall,goal,3.788,1.555,-2.2329999999999997,8,0,,82.04,
armV5-s9,nominal,120034,158a914971e37ff5,goal,time_out,3.505,1.184,-2.3209999999999997,0,0,93.72,,
armV5-s9,nominal,120035,ba331fc0729a2ae3,goal,goal,3.719,1.61,-2.109,0,0,46.44,40.76,-5.68
armV5-s9,nominal,120036,235ab5cbd69d66e2,goal,goal,3.636,1.781,-1.8550000000000002,0,0,89.28,82.96,-6.320000000000007
armV5-s9,nominal,120037,19e9a2fb8e10913b,goal,goal,3.559,1.65,-1.9090000000000003,0,0,56.92,48.88,-8.04
armV5-s9,nominal,120038,143c8eebbb97071f,goal,goal,3.532,1.682,-1.85,0,0,87.36,76.52,-10.840000000000003
armV5-s9,nominal,120039,d25bdfbca0ca0ebc,time_out,time_out,0.732,0.307,-0.425,0,0,,,
armV5-s9,nominal,120040,2688b82587d1220d,goal,goal,3.348,1.659,-1.6889999999999998,0,0,69.4,65.48,-3.9200000000000017
armV5-s9,nominal,120041,b4466557c0ebfc61,goal,goal,3.787,1.703,-2.0839999999999996,0,0,72.04,65.0,-7.040000000000006
armV5-s9,nominal,120042,580e9667538fb204,goal,goal,3.904,1.906,-1.998,0,0,49.92,45.6,-4.32
armV5-s9,nominal,120043,99856f3218ee8e52,goal,goal,3.907,1.919,-1.988,0,0,65.24,57.28,-7.959999999999994
armV5-s9,nominal,120044,5c31a7355e794032,goal,goal,3.909,1.872,-2.037,0,0,56.0,47.48,-8.520000000000003
armV5-s9,nominal,120045,f019b1682f41481c,goal,goal,3.885,1.668,-2.2169999999999996,0,0,50.16,42.36,-7.799999999999997
armV5-s9,nominal,120046,1305e10d06dc159d,goal,goal,4.36,1.936,-2.4240000000000004,0,0,40.68,35.6,-5.079999999999998
armV5-s9,nominal,120047,a5931be8c2a5317f,goal,goal,3.942,2.059,-1.883,0,0,48.44,42.28,-6.159999999999997
armV5-s9,drop35,120000,891931851c593123,goal,goal,4.389,2.273,-2.116,0,0,49.76,41.92,-7.839999999999996
armV5-s9,drop35,120001,b7771a6a1f2b2ca1,goal,goal,3.462,1.695,-1.7670000000000001,0,0,66.56,59.4,-7.160000000000004
armV5-s9,drop35,120002,750f7dd80e413146,goal,goal,4.478,1.971,-2.5069999999999997,0,0,64.64,54.28,-10.36
armV5-s9,drop35,120003,d3726573523cb544,goal,goal,2.943,1.654,-1.2890000000000001,0,0,126.04,66.28,-59.760000000000005
armV5-s9,drop35,120004,536d4696bb2ba187,time_out,goal,2.587,1.456,-1.1310000000000002,0,0,,169.96,
armV5-s9,drop35,120005,bca20dac0650f0bd,goal,goal,3.66,1.628,-2.032,0,0,59.2,52.6,-6.600000000000001
armV5-s9,drop35,120006,a2d6778190affaad,goal,goal,3.989,1.8,-2.189,0,0,78.96,64.88,-14.079999999999998
armV5-s9,drop35,120007,0f7a1c80ef550b06,goal,goal,3.722,2.05,-1.6720000000000002,0,0,145.8,152.68,6.8799999999999955
armV5-s9,drop35,120008,0330f6329871cd4e,goal,goal,3.556,1.845,-1.711,0,0,102.52,89.88,-12.64
armV5-s9,drop35,120009,34fbe944a60eeccc,goal,goal,3.98,1.791,-2.189,0,0,115.56,90.36,-25.200000000000003
armV5-s9,drop35,120010,63fa2f69516be1af,goal,goal,3.578,1.899,-1.6789999999999998,0,0,111.12,99.48,-11.64
armV5-s9,drop35,120011,6727b2596a45548a,time_out,goal,1.927,1.833,-0.09400000000000008,0,0,,81.72,
armV5-s9,drop35,120012,46ce1da80803ab74,goal,goal,3.495,1.699,-1.796,0,0,83.12,71.64,-11.480000000000004
armV5-s9,drop35,120013,2b292a0cc9fb6b2e,goal,goal,3.717,1.828,-1.889,0,0,100.8,89.08,-11.719999999999999
armV5-s9,drop35,120014,f06db7ebb18553f9,goal,goal,3.286,1.581,-1.705,0,0,47.56,42.12,-5.440000000000005
armV5-s9,drop35,120015,10616dc1955dbef2,goal,goal,4.046,1.867,-2.1790000000000003,0,0,53.4,46.52,-6.8799999999999955
armV5-s9,drop35,120016,c319e4b4194d049c,goal,goal,3.504,1.776,-1.728,0,0,58.36,52.24,-6.119999999999997
armV5-s9,drop35,120017,7bb351580ae90674,goal,goal,3.563,1.631,-1.9320000000000002,0,0,69.76,62.32,-7.440000000000005
armV5-s9,drop35,120018,d878df703b4304bb,goal,goal,4.322,2.072,-2.25,0,0,50.28,43.48,-6.800000000000004
armV5-s9,drop35,120019,1179ad4e5f885622,time_out,time_out,2.497,1.313,-1.184,0,0,,,
armV5-s9,drop35,120020,cd84dbd57df498f8,goal,goal,3.638,1.787,-1.851,0,0,71.64,64.24,-7.400000000000006
armV5-s9,drop35,120021,3086b8b06af55f60,goal,goal,4.566,2.083,-2.4829999999999997,0,0,54.44,46.6,-7.839999999999996
armV5-s9,drop35,120022,683b8820e0def0ea,goal,goal,3.675,1.819,-1.8559999999999999,0,0,112.84,101.08,-11.760000000000005
armV5-s9,drop35,120023,4430e66474e54b08,goal,goal,3.284,1.585,-1.6989999999999998,0,0,131.92,105.72,-26.19999999999999
armV5-s9,drop35,120024,1a14ec91a6535a8e,goal,goal,3.78,1.805,-1.9749999999999999,0,0,96.24,88.52,-7.719999999999999
armV5-s9,drop35,120025,9a3a8dd160f24e3e,goal,goal,2.834,1.274,-1.56,0,0,128.4,179.92,51.51999999999998
armV5-s9,drop35,120026,1d44f7af88078957,goal,goal,4.365,2.048,-2.317,0,0,64.0,52.76,-11.240000000000002
armV5-s9,drop35,120027,7495f7f8690434d5,goal,goal,4.336,1.917,-2.4190000000000005,0,0,71.8,62.04,-9.759999999999998
armV5-s9,drop35,120028,6e901615efebdfe0,goal,goal,3.782,1.887,-1.895,0,0,123.16,111.76,-11.399999999999991
armV5-s9,drop35,120029,ed5284fa9c71da4f,goal,goal,3.754,1.667,-2.0869999999999997,0,0,57.48,100.0,42.52
armV5-s9,drop35,120030,82277d47decb1ccb,goal,goal,4.585,1.943,-2.642,0,0,61.2,50.92,-10.280000000000001
armV5-s9,drop35,120031,00189acf2be40701,goal,goal,3.646,1.74,-1.906,0,0,117.84,106.16,-11.680000000000007
armV5-s9,drop35,120032,774fe2e241778ee7,goal,goal,3.797,1.78,-2.0170000000000003,0,0,81.32,71.8,-9.519999999999996
armV5-s9,drop35,120033,94297f9c7e04e2e7,time_out,goal,4.263,1.498,-2.7649999999999997,0,17,,111.16,
armV5-s9,drop35,120034,158a914971e37ff5,time_out,goal,3.0,1.67,-1.33,0,0,,95.0,
armV5-s9,drop35,120035,ba331fc0729a2ae3,goal,goal,3.715,1.584,-2.131,0,0,57.8,51.52,-6.279999999999994
armV5-s9,drop35,120036,235ab5cbd69d66e2,goal,goal,3.643,1.771,-1.8719999999999999,0,0,113.28,107.16,-6.1200000000000045
armV5-s9,drop35,120037,19e9a2fb8e10913b,goal,goal,3.484,1.579,-1.905,0,0,68.16,63.68,-4.479999999999997
armV5-s9,drop35,120038,143c8eebbb97071f,goal,goal,3.805,1.782,-2.023,0,0,110.08,94.72,-15.36
armV5-s9,drop35,120039,d25bdfbca0ca0ebc,goal,time_out,3.947,0.408,-3.539,0,0,58.76,,
armV5-s9,drop35,120040,2688b82587d1220d,goal,goal,3.52,1.693,-1.827,0,0,87.64,80.16,-7.480000000000004
armV5-s9,drop35,120041,b4466557c0ebfc61,goal,goal,3.709,1.818,-1.891,0,0,92.68,84.08,-8.600000000000009
armV5-s9,drop35,120042,580e9667538fb204,goal,goal,4.044,1.914,-2.13,0,0,64.8,57.96,-6.839999999999996
armV5-s9,drop35,120043,99856f3218ee8e52,goal,goal,3.862,1.778,-2.084,0,0,81.0,71.88,-9.120000000000005
armV5-s9,drop35,120044,5c31a7355e794032,goal,goal,4.294,1.859,-2.4349999999999996,0,0,69.24,59.64,-9.599999999999994
armV5-s9,drop35,120045,f019b1682f41481c,goal,goal,3.691,1.824,-1.8669999999999998,0,0,61.68,55.28,-6.399999999999999
armV5-s9,drop35,120046,1305e10d06dc159d,goal,goal,3.254,2.009,-1.245,0,0,94.12,43.8,-50.32000000000001
armV5-s9,drop35,120047,a5931be8c2a5317f,goal,goal,4.454,2.316,-2.138,0,0,63.64,53.24,-10.399999999999999
armV5-s10,nominal,120000,891931851c593123,goal,goal,4.297,1.871,-2.4259999999999997,0,0,43.36,35.2,-8.159999999999997
armV5-s10,nominal,120001,b7771a6a1f2b2ca1,goal,goal,3.327,1.661,-1.666,0,0,53.6,46.76,-6.840000000000003
armV5-s10,nominal,120002,750f7dd80e413146,goal,goal,3.264,1.523,-1.7409999999999999,0,0,49.72,46.96,-2.759999999999998
armV5-s10,nominal,120003,d3726573523cb544,goal,goal,2.961,2.312,-0.649,0,0,100.28,140.72,40.44
armV5-s10,nominal,120004,536d4696bb2ba187,goal,goal,3.797,1.611,-2.186,0,0,115.84,100.96,-14.88000000000001
armV5-s10,nominal,120005,bca20dac0650f0bd,time_out,goal,3.296,1.689,-1.6069999999999998,0,0,,147.28,
armV5-s10,nominal,120006,a2d6778190affaad,goal,goal,3.726,1.848,-1.878,0,0,57.36,53.48,-3.8800000000000026
armV5-s10,nominal,120007,0f7a1c80ef550b06,goal,goal,3.7,2.134,-1.5660000000000003,0,0,54.24,68.48,14.240000000000002
armV5-s10,nominal,120008,0330f6329871cd4e,goal,goal,3.498,1.724,-1.7740000000000002,0,0,81.04,75.84,-5.200000000000003
armV5-s10,nominal,120009,34fbe944a60eeccc,goal,goal,3.251,1.663,-1.5879999999999999,0,0,88.04,74.36,-13.680000000000007
armV5-s10,nominal,120010,63fa2f69516be1af,goal,goal,3.441,1.626,-1.815,0,0,92.84,85.28,-7.560000000000002
armV5-s10,nominal,120011,6727b2596a45548a,goal,goal,3.307,1.776,-1.531,0,0,79.92,71.4,-8.519999999999996
armV5-s10,nominal,120012,46ce1da80803ab74,goal,goal,3.361,1.674,-1.6870000000000003,0,0,63.48,60.72,-2.759999999999998
armV5-s10,nominal,120013,2b292a0cc9fb6b2e,fall,goal,3.376,1.807,-1.569,17,0,,71.28,
armV5-s10,nominal,120014,f06db7ebb18553f9,goal,goal,3.102,1.487,-1.6149999999999998,0,0,38.4,35.96,-2.4399999999999977
armV5-s10,nominal,120015,10616dc1955dbef2,goal,goal,3.023,1.499,-1.524,0,0,40.36,37.68,-2.6799999999999997
armV5-s10,nominal,120016,c319e4b4194d049c,goal,goal,3.578,1.75,-1.8279999999999998,0,0,43.48,41.0,-2.479999999999997
armV5-s10,nominal,120017,7bb351580ae90674,goal,goal,3.157,1.487,-1.67,0,0,59.28,56.16,-3.1200000000000045
armV5-s10,nominal,120018,d878df703b4304bb,goal,goal,4.153,1.811,-2.3419999999999996,0,0,38.56,35.24,-3.3200000000000003
armV5-s10,nominal,120019,1179ad4e5f885622,goal,goal,3.708,1.645,-2.063,0,0,36.6,35.64,-0.9600000000000009
armV5-s10,nominal,120020,cd84dbd57df498f8,goal,goal,3.486,1.702,-1.7840000000000003,0,0,59.24,54.48,-4.760000000000005
armV5-s10,nominal,120021,3086b8b06af55f60,goal,goal,3.75,1.618,-2.1319999999999997,0,0,39.4,35.6,-3.799999999999997
armV5-s10,nominal,120022,683b8820e0def0ea,goal,goal,3.452,1.616,-1.8359999999999999,0,0,89.36,81.44,-7.920000000000002
armV5-s10,nominal,120023,4430e66474e54b08,goal,goal,3.722,1.932,-1.79,0,0,48.56,68.28,19.72
armV5-s10,nominal,120024,1a14ec91a6535a8e,goal,goal,3.63,1.818,-1.8119999999999998,0,0,74.56,67.0,-7.560000000000002
armV5-s10,nominal,120025,9a3a8dd160f24e3e,goal,time_out,3.492,1.223,-2.269,0,0,74.88,,
armV5-s10,nominal,120026,1d44f7af88078957,goal,goal,3.743,1.813,-1.93,0,0,45.88,42.92,-2.960000000000001
armV5-s10,nominal,120027,7495f7f8690434d5,goal,goal,3.588,1.809,-1.7790000000000001,0,0,52.0,48.0,-4.0
armV5-s10,nominal,120028,6e901615efebdfe0,goal,goal,2.607,1.6,-1.0070000000000001,0,0,113.76,87.24,-26.52000000000001
armV5-s10,nominal,120029,ed5284fa9c71da4f,goal,goal,3.406,1.828,-1.578,0,0,46.8,44.76,-2.039999999999999
armV5-s10,nominal,120030,82277d47decb1ccb,goal,goal,3.294,1.721,-1.573,0,0,46.24,42.84,-3.3999999999999986
armV5-s10,nominal,120031,00189acf2be40701,goal,goal,3.413,1.576,-1.8369999999999997,0,0,98.28,86.68,-11.599999999999994
armV5-s10,nominal,120032,774fe2e241778ee7,goal,goal,3.443,1.756,-1.687,0,0,63.16,59.64,-3.519999999999996
armV5-s10,nominal,120033,94297f9c7e04e2e7,goal,goal,3.125,1.479,-1.646,0,0,100.84,80.76,-20.08
armV5-s10,nominal,120034,158a914971e37ff5,goal,goal,3.757,1.58,-2.177,0,0,53.44,48.48,-4.960000000000001
armV5-s10,nominal,120035,ba331fc0729a2ae3,goal,goal,3.346,1.709,-1.637,0,0,47.92,43.72,-4.200000000000003
armV5-s10,nominal,120036,235ab5cbd69d66e2,goal,goal,3.184,1.69,-1.4940000000000002,0,0,95.84,88.56,-7.280000000000001
armV5-s10,nominal,120037,19e9a2fb8e10913b,goal,goal,2.397,1.563,-0.8339999999999999,0,0,111.96,93.12,-18.83999999999999
armV5-s10,nominal,120038,143c8eebbb97071f,goal,goal,4.156,1.916,-2.2399999999999998,0,0,48.88,44.84,-4.039999999999999
armV5-s10,nominal,120039,d25bdfbca0ca0ebc,goal,goal,3.47,1.839,-1.6310000000000002,0,0,45.96,43.96,-2.0
armV5-s10,nominal,120040,2688b82587d1220d,goal,goal,3.807,1.669,-2.138,0,0,55.64,64.52,8.879999999999995
armV5-s10,nominal,120041,b4466557c0ebfc61,goal,goal,3.27,1.658,-1.612,0,0,66.44,61.92,-4.519999999999996
armV5-s10,nominal,120042,580e9667538fb204,goal,goal,3.395,1.667,-1.728,0,0,51.96,46.0,-5.960000000000001
armV5-s10,nominal,120043,99856f3218ee8e52,goal,goal,3.346,1.672,-1.6740000000000002,0,0,59.88,66.2,6.32
armV5-s10,nominal,120044,5c31a7355e794032,goal,goal,3.771,1.645,-2.126,0,0,69.68,62.4,-7.280000000000008
armV5-s10,nominal,120045,f019b1682f41481c,goal,goal,2.824,1.232,-1.5919999999999999,0,0,115.04,143.04,27.999999999999986
armV5-s10,nominal,120046,1305e10d06dc159d,goal,goal,3.905,1.643,-2.2619999999999996,0,0,41.72,38.12,-3.6000000000000014
armV5-s10,nominal,120047,a5931be8c2a5317f,goal,goal,5.002,1.996,-3.006,0,0,86.76,47.6,-39.160000000000004
armV5-s10,drop35,120000,891931851c593123,goal,goal,4.24,1.964,-2.2760000000000002,0,0,48.64,42.76,-5.880000000000003
armV5-s10,drop35,120001,b7771a6a1f2b2ca1,goal,goal,3.679,1.712,-1.9669999999999999,0,0,63.24,60.0,-3.240000000000002
armV5-s10,drop35,120002,750f7dd80e413146,goal,goal,3.802,1.725,-2.077,0,0,63.6,54.32,-9.280000000000001
armV5-s10,drop35,120003,d3726573523cb544,goal,goal,3.064,1.7,-1.364,0,0,111.0,68.64,-42.36
armV5-s10,drop35,120004,536d4696bb2ba187,goal,goal,3.755,1.748,-2.0069999999999997,0,0,139.48,118.88,-20.599999999999994
armV5-s10,drop35,120005,bca20dac0650f0bd,time_out,time_out,3.693,1.961,-1.732,0,0,,,
armV5-s10,drop35,120006,a2d6778190affaad,goal,goal,4.121,1.875,-2.2460000000000004,0,0,74.04,66.08,-7.960000000000008
armV5-s10,drop35,120007,0f7a1c80ef550b06,goal,goal,3.713,1.775,-1.9380000000000002,0,0,66.44,60.16,-6.280000000000001
armV5-s10,drop35,120008,0330f6329871cd4e,goal,goal,3.966,1.814,-2.152,0,0,109.16,94.72,-14.439999999999998
armV5-s10,drop35,120009,34fbe944a60eeccc,goal,goal,3.738,1.655,-2.083,0,0,105.88,94.64,-11.239999999999995
armV5-s10,drop35,120010,63fa2f69516be1af,goal,goal,3.661,1.588,-2.073,0,0,121.2,108.04,-13.159999999999997
armV5-s10,drop35,120011,6727b2596a45548a,goal,goal,3.448,1.87,-1.5779999999999998,0,0,99.04,89.24,-9.800000000000011
armV5-s10,drop35,120012,46ce1da80803ab74,goal,goal,3.674,1.701,-1.9729999999999999,0,0,86.2,75.08,-11.120000000000005
armV5-s10,drop35,120013,2b292a0cc9fb6b2e,goal,goal,4.046,1.848,-2.1980000000000004,0,0,99.36,93.0,-6.359999999999999
armV5-s10,drop35,120014,f06db7ebb18553f9,goal,goal,3.316,1.555,-1.761,0,0,47.44,44.72,-2.719999999999999
armV5-s10,drop35,120015,10616dc1955dbef2,goal,goal,3.41,1.741,-1.669,0,0,50.56,45.8,-4.760000000000005
armV5-s10,drop35,120016,c319e4b4194d049c,goal,goal,4.007,1.878,-2.1289999999999996,0,0,56.4,50.0,-6.399999999999999
armV5-s10,drop35,120017,7bb351580ae90674,goal,goal,3.369,1.547,-1.8220000000000003,0,0,72.84,79.2,6.359999999999999
armV5-s10,drop35,120018,d878df703b4304bb,goal,goal,4.237,1.774,-2.463,0,0,51.04,43.84,-7.199999999999996
armV5-s10,drop35,120019,1179ad4e5f885622,goal,goal,4.31,1.692,-2.6179999999999994,0,0,59.0,42.96,-16.04
armV5-s10,drop35,120020,cd84dbd57df498f8,goal,goal,3.771,1.822,-1.9489999999999998,0,0,73.4,66.32,-7.0800000000000125
armV5-s10,drop35,120021,3086b8b06af55f60,goal,goal,4.038,1.725,-2.313,0,0,52.76,45.64,-7.119999999999997
armV5-s10,drop35,120022,683b8820e0def0ea,goal,goal,3.988,1.634,-2.354,0,0,115.6,108.08,-7.519999999999996
armV5-s10,drop35,120023,4430e66474e54b08,goal,goal,4.21,1.691,-2.519,0,0,63.24,54.8,-8.440000000000005
armV5-s10,drop35,120024,1a14ec91a6535a8e,goal,goal,4.284,1.705,-2.5789999999999997,0,0,96.0,83.72,-12.280000000000001
armV5-s10,drop35,120025,9a3a8dd160f24e3e,time_out,goal,2.827,1.817,-1.01,0,0,,89.08,
armV5-s10,drop35,120026,1d44f7af88078957,goal,goal,4.109,1.614,-2.495,0,0,61.84,56.76,-5.080000000000005
armV5-s10,drop35,120027,7495f7f8690434d5,goal,goal,4.235,1.886,-2.349,0,0,69.24,63.04,-6.199999999999996
armV5-s10,drop35,120028,6e901615efebdfe0,goal,goal,3.33,1.627,-1.703,0,0,122.32,112.88,-9.439999999999998
armV5-s10,drop35,120029,ed5284fa9c71da4f,goal,goal,4.184,1.882,-2.3020000000000005,0,0,57.64,53.6,-4.039999999999999
armV5-s10,drop35,120030,82277d47decb1ccb,time_out,goal,2.81,1.744,-1.066,0,0,,52.04,
armV5-s10,drop35,120031,00189acf2be40701,fall,goal,3.668,1.526,-2.1420000000000003,4,0,,131.4,
armV5-s10,drop35,120032,774fe2e241778ee7,goal,goal,3.689,1.806,-1.883,0,0,79.08,73.0,-6.079999999999998
armV5-s10,drop35,120033,94297f9c7e04e2e7,goal,goal,3.561,1.557,-2.004,0,0,128.2,100.56,-27.639999999999986
armV5-s10,drop35,120034,158a914971e37ff5,goal,goal,4.011,1.757,-2.2540000000000004,0,0,64.32,57.92,-6.3999999999999915
armV5-s10,drop35,120035,ba331fc0729a2ae3,goal,goal,3.7,1.744,-1.9560000000000002,0,0,58.56,52.04,-6.520000000000003
armV5-s10,drop35,120036,235ab5cbd69d66e2,goal,goal,3.327,1.485,-1.8419999999999999,0,0,130.56,122.2,-8.36
armV5-s10,drop35,120037,19e9a2fb8e10913b,goal,time_out,2.959,1.285,-1.6740000000000002,0,0,128.4,,
armV5-s10,drop35,120038,143c8eebbb97071f,goal,goal,4.898,2.056,-2.8419999999999996,0,0,61.84,55.0,-6.840000000000003
armV5-s10,drop35,120039,d25bdfbca0ca0ebc,goal,goal,3.608,1.73,-1.8780000000000001,0,0,107.16,54.76,-52.4
armV5-s10,drop35,120040,2688b82587d1220d,goal,goal,3.971,1.781,-2.1900000000000004,0,0,68.24,84.64,16.400000000000006
armV5-s10,drop35,120041,b4466557c0ebfc61,goal,goal,3.7,1.812,-1.8880000000000001,0,0,82.36,95.92,13.560000000000002
armV5-s10,drop35,120042,580e9667538fb204,goal,goal,4.167,1.772,-2.3949999999999996,0,0,67.24,57.44,-9.799999999999997
armV5-s10,drop35,120043,99856f3218ee8e52,goal,goal,4.004,1.777,-2.2269999999999994,0,0,76.68,72.48,-4.200000000000003
armV5-s10,drop35,120044,5c31a7355e794032,goal,goal,3.741,1.892,-1.8490000000000002,0,0,82.0,77.12,-4.8799999999999955
armV5-s10,drop35,120045,f019b1682f41481c,goal,time_out,3.33,1.095,-2.2350000000000003,0,0,60.76,,
armV5-s10,drop35,120046,1305e10d06dc159d,goal,goal,3.818,1.693,-2.125,0,0,53.12,45.88,-7.239999999999995
armV5-s10,drop35,120047,a5931be8c2a5317f,goal,goal,4.216,1.788,-2.428,0,0,61.96,54.68,-7.280000000000001
