seed,policy,fell,fell_at_s,peak_x_m,run_dir
0,randomized,0,,3.6839,2026-08-17_09-54-10_dr-default-s0
0,no randomization,1,4.8,1.7945,2026-08-17_09-54-11_dr-off-s0
0,push-trained,0,,2.543,2026-08-17_23-22-21_push-adaptive-s0
0,terrain-trained,0,,3.1243,2026-08-17_22-56-08_terrain-bumpy-s0
1,randomized,0,,3.4605,2026-08-17_09-54-10_dr-default-s0
1,no randomization,1,4.2,1.1403,2026-08-17_09-54-11_dr-off-s0
1,push-trained,0,,1.9655,2026-08-17_23-22-21_push-adaptive-s0
1,terrain-trained,0,,3.1978,2026-08-17_22-56-08_terrain-bumpy-s0
2,randomized,0,,3.6646,2026-08-17_09-54-10_dr-default-s0
2,no randomization,1,4.84,1.2464,2026-08-17_09-54-11_dr-off-s0
2,push-trained,0,,1.8122,2026-08-17_23-22-21_push-adaptive-s0
2,terrain-trained,0,,3.1397,2026-08-17_22-56-08_terrain-bumpy-s0
3,randomized,0,,3.5111,2026-08-17_09-54-10_dr-default-s0
3,no randomization,1,4.28,0.8858,2026-08-17_09-54-11_dr-off-s0
3,push-trained,0,,2.7413,2026-08-17_23-22-21_push-adaptive-s0
3,terrain-trained,0,,2.6843,2026-08-17_22-56-08_terrain-bumpy-s0
4,randomized,1,4.64,1.5381,2026-08-17_09-54-10_dr-default-s0
4,no randomization,1,4.24,1.1031,2026-08-17_09-54-11_dr-off-s0
4,push-trained,0,,2.3172,2026-08-17_23-22-21_push-adaptive-s0
4,terrain-trained,0,,3.3257,2026-08-17_22-56-08_terrain-bumpy-s0
5,randomized,0,,3.7926,2026-08-17_09-54-10_dr-default-s0
5,no randomization,1,9.68,2.6211,2026-08-17_09-54-11_dr-off-s0
5,push-trained,0,,2.6314,2026-08-17_23-22-21_push-adaptive-s0
5,terrain-trained,0,,3.3022,2026-08-17_22-56-08_terrain-bumpy-s0
6,randomized,0,,3.5686,2026-08-17_09-54-10_dr-default-s0
6,no randomization,1,7.68,2.1222,2026-08-17_09-54-11_dr-off-s0
6,push-trained,0,,2.0874,2026-08-17_23-22-21_push-adaptive-s0
6,terrain-trained,0,,3.3585,2026-08-17_22-56-08_terrain-bumpy-s0
7,randomized,0,,3.515,2026-08-17_09-54-10_dr-default-s0
7,no randomization,1,4.32,1.2822,2026-08-17_09-54-11_dr-off-s0
7,push-trained,0,,1.9673,2026-08-17_23-22-21_push-adaptive-s0
7,terrain-trained,0,,3.0568,2026-08-17_22-56-08_terrain-bumpy-s0
8,randomized,0,,3.465,2026-08-17_09-54-10_dr-default-s0
8,no randomization,1,7.84,1.4831,2026-08-17_09-54-11_dr-off-s0
8,push-trained,0,,2.5019,2026-08-17_23-22-21_push-adaptive-s0
8,terrain-trained,0,,2.8439,2026-08-17_22-56-08_terrain-bumpy-s0
9,randomized,0,,3.3572,2026-08-17_09-54-10_dr-default-s0
9,no randomization,1,4.76,1.0807,2026-08-17_09-54-11_dr-off-s0
9,push-trained,0,,1.9387,2026-08-17_23-22-21_push-adaptive-s0
9,terrain-trained,0,,2.7925,2026-08-17_22-56-08_terrain-bumpy-s0
