2.4049999999999998	0	0	0	0	0	9.8100000000000005
2.4100000000000001	0	0	0	0	0	9.8100000000000005
2.415	0	0	0	0	0	9.8100000000000005
2.4199999999999999	0	0	0	0	0	9.8100000000000005
2.4249999999999998	0	0	0	0	0	9.8100000000000005
2.4300000000000002	0	0	0	0	0	9.8100000000000005
2.4350000000000001	0	0	0	0	0	9.8100000000000005
2.4399999999999999	0	0	0	0	0	9.8100000000000005
2.4449999999999998	0	0	0	0	0	9.8100000000000005
2.4500000000000002	0	0	0	0	0	9.8100000000000005
2.4550000000000001	0	0	0	0	0	9.8100000000000005
2.46	0	0	0	0	0	9.8100000000000005
2.4649999999999999	0	0	0	0	0	9.8100000000000005
2.4700000000000002	0	0	0	0	0	9.8100000000000005
2.4750000000000001	0	0	0	0	0	9.8100000000000005
2.48	0	0	0	0	0	9.8100000000000005
2.4849999999999999	0	0	0	0	0	9.8100000000000005
2.4900000000000002	0	0	0	0	0	9.8100000000000005
2.4950000000000001	0	0	0	0	0	9.8100000000000005
2.5	0	0	0	0	0	9.8100000000000005
2.5049999999999999	0	0	0	0	0	9.8100000000000005
2.5099999999999998	0	0	0	0	0	9.8100000000000005
2.5150000000000001	0	0	0	0	0	9.8100000000000005
2.52	0	0	0	0	0	9.8100000000000005
2.5249999999999999	0	0	0	0	0	9.8100000000000005
2.5299999999999998	0	0	0	0	0	9.8100000000000005
2.5350000000000001	0	0	0	0	0	9.8100000000000005
2.54	0	0	0	0	0	9.8100000000000005
2.5449999999999999	0	0	0	0	0	9.8100000000000005
2.5499999999999998	0	0	0	0	0	9.8100000000000005
2.5550000000000002	0	0	0	0	0	9.8100000000000005
2.5600000000000001	0	0	0	0	0	9.8100000000000005
2.5649999999999999	0	0	0	0	0	9.8100000000000005
2.5699999999999998	0	0	0	0	0	9.8100000000000005
2.5750000000000002	0	0	0	0	0	9.8100000000000005
2.5800000000000001	0	0	0	0	0	9.8100000000000005
2.585	0	0	0	0	0	9.8100000000000005
2.5899999999999999	0	0	0	0	0	9.8100000000000005
2.5950000000000002	0	0	0	0	0	9.8100000000000005
2.6000000000000001	0	0	0	0	0	9.8100000000000005
