seed,crate,solo,closest_pinch_m,fine_kernel,peak_lift_m,held_lift_m,in_pinch_frac,fell,run,arm,crew,iteration,vision
0,0,0,0.07715005176622462,0.4331175019062973,0.052636654755060935,0.04180681995147298,0.745,1,2026-08-21_15-46-55_coop-cube-staged-r2-s0,15-46-55_coop-cube-staged-r2-s0,2,3999,0
1,0,0,0.08314813273603328,0.40015751088531537,0.049695404836592155,0.04739404427727012,0.97,0,2026-08-21_15-46-55_coop-cube-staged-r2-s0,15-46-55_coop-cube-staged-r2-s0,2,3999,0
2,0,0,0.07626618468483977,0.4381369635770511,0.04605604242111139,0.04079327016655393,0.97,0,2026-08-21_15-46-55_coop-cube-staged-r2-s0,15-46-55_coop-cube-staged-r2-s0,2,3999,0
3,0,0,0.08325632360006144,0.39958063469186655,0.0606495136094396,0.05720879998318343,0.97,0,2026-08-21_15-46-55_coop-cube-staged-r2-s0,15-46-55_coop-cube-staged-r2-s0,2,3999,0
4,0,0,0.07929525508845738,0.42110856400098895,0.043289150963291695,0.043289150963291695,0.97,0,2026-08-21_15-46-55_coop-cube-staged-r2-s0,15-46-55_coop-cube-staged-r2-s0,2,3999,0
5,0,0,0.0875791117761292,0.3770411552901902,0.05889380362250457,0.030473113626217574,0.205,1,2026-08-21_15-46-55_coop-cube-staged-r2-s0,15-46-55_coop-cube-staged-r2-s0,2,3999,0
6,0,0,0.08295727302123898,0.40117670144694684,0.03452037508078268,0.03439079922484112,0.97,0,2026-08-21_15-46-55_coop-cube-staged-r2-s0,15-46-55_coop-cube-staged-r2-s0,2,3999,0
7,0,0,0.09164581626522714,0.3567399579123445,0.05749814481798193,0.05701076478042541,0.965,0,2026-08-21_15-46-55_coop-cube-staged-r2-s0,15-46-55_coop-cube-staged-r2-s0,2,3999,0
0,0,0,0.07715005176621131,0.43311750190637255,0.05304074770326911,0.04057693644211807,0.745,1,2026-08-21_15-46-55_coop-cube-staged-r2-s0,15-46-55_coop-cube-staged-r2-s0,3,3999,0
0,1,1,0.2337164062321622,0.03986486107555687,0.05733800771430589,0.04948202760466325,0.0,0,2026-08-21_15-46-55_coop-cube-staged-r2-s0,15-46-55_coop-cube-staged-r2-s0,3,3999,0
1,0,0,0.08314965790810089,0.40014937429432407,0.0496868371101207,0.047400960297685424,0.97,0,2026-08-21_15-46-55_coop-cube-staged-r2-s0,15-46-55_coop-cube-staged-r2-s0,3,3999,0
1,1,1,0.29809904009190663,0.013813610264210685,0.057136209173455965,0.05668486383530444,0.0,0,2026-08-21_15-46-55_coop-cube-staged-r2-s0,15-46-55_coop-cube-staged-r2-s0,3,3999,0
2,0,0,0.076266184684851,0.43813696357698717,0.0460560518936568,0.040801029929426635,0.97,0,2026-08-21_15-46-55_coop-cube-staged-r2-s0,15-46-55_coop-cube-staged-r2-s0,3,3999,0
2,1,1,0.24656154145827536,0.03230617741717756,0.05679023670867819,0.051809034284374195,0.0,0,2026-08-21_15-46-55_coop-cube-staged-r2-s0,15-46-55_coop-cube-staged-r2-s0,3,3999,0
3,0,0,0.08325632360006341,0.399580634691856,0.06064951360943921,0.05720882761247634,0.97,0,2026-08-21_15-46-55_coop-cube-staged-r2-s0,15-46-55_coop-cube-staged-r2-s0,3,3999,0
3,1,1,0.24315778933106014,0.03415965492783968,0.05630183699109104,0.05142722843992195,0.0,0,2026-08-21_15-46-55_coop-cube-staged-r2-s0,15-46-55_coop-cube-staged-r2-s0,3,3999,0
4,0,0,0.07929541248202221,0.42110769193020137,0.04328880260451981,0.04328880260451981,0.97,0,2026-08-21_15-46-55_coop-cube-staged-r2-s0,15-46-55_coop-cube-staged-r2-s0,3,3999,0
4,1,1,0.2373614880199721,0.03755924158609136,0.05679544095544875,0.0507189293925418,0.0,0,2026-08-21_15-46-55_coop-cube-staged-r2-s0,15-46-55_coop-cube-staged-r2-s0,3,3999,0
5,0,0,0.08757934361320724,0.37703997307267245,0.054699184716913235,0.026980754177874378,0.205,1,2026-08-21_15-46-55_coop-cube-staged-r2-s0,15-46-55_coop-cube-staged-r2-s0,3,3999,0
5,1,1,0.25472601890837243,0.028254168095047327,0.056667813048635135,0.05286322576964872,0.0,0,2026-08-21_15-46-55_coop-cube-staged-r2-s0,15-46-55_coop-cube-staged-r2-s0,3,3999,0
6,0,0,0.08296091114031193,0.4011572557304447,0.034501777938378664,0.034371970569185645,0.97,0,2026-08-21_15-46-55_coop-cube-staged-r2-s0,15-46-55_coop-cube-staged-r2-s0,3,3999,0
6,1,1,0.2684038902433938,0.022559593161776026,0.05732893459491889,0.05635707233944873,0.0,0,2026-08-21_15-46-55_coop-cube-staged-r2-s0,15-46-55_coop-cube-staged-r2-s0,3,3999,0
7,0,0,0.09168866693010144,0.35653067459743193,0.057501218875084775,0.05701416112508173,0.965,0,2026-08-21_15-46-55_coop-cube-staged-r2-s0,15-46-55_coop-cube-staged-r2-s0,3,3999,0
7,1,1,0.23873315893047986,0.036725921895592095,0.058152132367618264,0.05324384172758198,0.0,0,2026-08-21_15-46-55_coop-cube-staged-r2-s0,15-46-55_coop-cube-staged-r2-s0,3,3999,0
0,0,0,0.07715005176621811,0.43311750190633413,0.05304156271180904,0.04047079756901348,0.745,1,2026-08-21_15-46-55_coop-cube-staged-r2-s0,15-46-55_coop-cube-staged-r2-s0,4,3999,0
0,1,0,0.07915562055168905,0.42188275905594397,0.049254453154312455,0.04587574419351642,0.97,0,2026-08-21_15-46-55_coop-cube-staged-r2-s0,15-46-55_coop-cube-staged-r2-s0,4,3999,0
1,0,0,0.08314974685448188,0.40014889978099,0.049730226193383464,0.04740943996464303,0.97,0,2026-08-21_15-46-55_coop-cube-staged-r2-s0,15-46-55_coop-cube-staged-r2-s0,4,3999,0
1,1,0,0.06916909489137192,0.47994939011166005,0.01849505545469221,0.011079274398015676,0.97,0,2026-08-21_15-46-55_coop-cube-staged-r2-s0,15-46-55_coop-cube-staged-r2-s0,4,3999,0
2,0,0,0.07626618468484436,0.4381369635770249,0.04605602843522663,0.040794699557201164,0.97,0,2026-08-21_15-46-55_coop-cube-staged-r2-s0,15-46-55_coop-cube-staged-r2-s0,4,3999,0
2,1,0,0.07060972909368815,0.4712457243042878,0.04357058935414174,0.04353295939837731,0.97,0,2026-08-21_15-46-55_coop-cube-staged-r2-s0,15-46-55_coop-cube-staged-r2-s0,4,3999,0
3,0,0,0.08325632360006889,0.3995806346918268,0.060649513609437766,0.05720879901331388,0.97,0,2026-08-21_15-46-55_coop-cube-staged-r2-s0,15-46-55_coop-cube-staged-r2-s0,4,3999,0
3,1,0,0.08782216284195545,0.3758033158200119,0.057421817372761086,0.057301166208963916,0.965,0,2026-08-21_15-46-55_coop-cube-staged-r2-s0,15-46-55_coop-cube-staged-r2-s0,4,3999,0
4,0,0,0.07929524980958108,0.42110859324969063,0.0432887791326593,0.0432887791326593,0.97,0,2026-08-21_15-46-55_coop-cube-staged-r2-s0,15-46-55_coop-cube-staged-r2-s0,4,3999,0
4,1,0,0.08545918669617841,0.3879705434894133,0.057561700039804986,0.057124648059698524,0.965,0,2026-08-21_15-46-55_coop-cube-staged-r2-s0,15-46-55_coop-cube-staged-r2-s0,4,3999,0
5,0,0,0.08757900537703009,0.37704169785698227,0.05889625162669343,0.03031716483301375,0.205,1,2026-08-21_15-46-55_coop-cube-staged-r2-s0,15-46-55_coop-cube-staged-r2-s0,4,3999,0
5,1,0,0.0784473061520086,0.4258260182952561,0.03369261871154586,0.028631296020657865,0.97,0,2026-08-21_15-46-55_coop-cube-staged-r2-s0,15-46-55_coop-cube-staged-r2-s0,4,3999,0
6,0,0,0.08295185678658609,0.4012056524846491,0.03457771623289138,0.034448439921677454,0.97,0,2026-08-21_15-46-55_coop-cube-staged-r2-s0,15-46-55_coop-cube-staged-r2-s0,4,3999,0
6,1,0,0.08543600996770723,0.3880913510034636,0.02685942492462856,-0.00017917295146649415,0.965,0,2026-08-21_15-46-55_coop-cube-staged-r2-s0,15-46-55_coop-cube-staged-r2-s0,4,3999,0
7,0,0,0.09172860732576452,0.35633569166336965,0.05749800786508666,0.05701088926176884,0.965,0,2026-08-21_15-46-55_coop-cube-staged-r2-s0,15-46-55_coop-cube-staged-r2-s0,4,3999,0
7,1,0,0.07418222549516532,0.4501367952799251,0.03996855242688063,0.0399653751138932,0.97,0,2026-08-21_15-46-55_coop-cube-staged-r2-s0,15-46-55_coop-cube-staged-r2-s0,4,3999,0
0,0,0,0.07367988772051502,0.45306398415725435,0.009014761608042127,0.00608231063246914,0.965,0,2026-08-20_03-40-55_coop-cube-pickfirst-s0,03-40-55_coop-cube-pickfirst-s0,2,3999,0
1,0,0,0.07059997231765681,0.4713043015392234,0.015523454984496449,0.011406957116344707,0.965,0,2026-08-20_03-40-55_coop-cube-pickfirst-s0,03-40-55_coop-cube-pickfirst-s0,2,3999,0
2,0,0,0.06350228489693155,0.5152416048108291,0.030680992110665162,0.024536706846462086,0.965,0,2026-08-20_03-40-55_coop-cube-pickfirst-s0,03-40-55_coop-cube-pickfirst-s0,2,3999,0
3,0,0,0.07008339173795002,0.4744129108702747,0.011627504102825259,0.0067605652924930815,0.965,0,2026-08-20_03-40-55_coop-cube-pickfirst-s0,03-40-55_coop-cube-pickfirst-s0,2,3999,0
4,0,0,0.06558023959101644,0.5021060581356243,0.03513528301979693,0.028995530048751772,0.965,0,2026-08-20_03-40-55_coop-cube-pickfirst-s0,03-40-55_coop-cube-pickfirst-s0,2,3999,0
5,0,0,0.07186203819114993,0.46376902603070636,0.01619186610618109,0.010663189236147314,0.965,0,2026-08-20_03-40-55_coop-cube-pickfirst-s0,03-40-55_coop-cube-pickfirst-s0,2,3999,0
6,0,0,0.11545659544038188,0.2547708588246118,0.030605728345921734,0.0029493115481502574,0.225,1,2026-08-20_03-40-55_coop-cube-pickfirst-s0,03-40-55_coop-cube-pickfirst-s0,2,3999,0
7,0,0,0.07621754436124842,0.4384144022162354,0.008342749718707299,0.0036026887453552703,0.965,0,2026-08-20_03-40-55_coop-cube-pickfirst-s0,03-40-55_coop-cube-pickfirst-s0,2,3999,0
0,0,0,0.0737030873090417,0.4529285010957267,0.00896374926161983,0.006044767001465251,0.965,0,2026-08-20_03-40-55_coop-cube-pickfirst-s0,03-40-55_coop-cube-pickfirst-s0,3,3999,0
0,1,1,0.29013329445644775,0.015759394221332768,0.024112652016355457,-0.00019441652455268188,0.0,0,2026-08-20_03-40-55_coop-cube-pickfirst-s0,03-40-55_coop-cube-pickfirst-s0,3,3999,0
1,0,0,0.07036075665607866,0.47274206749102676,0.01596640475706368,0.011679884411711666,0.965,0,2026-08-20_03-40-55_coop-cube-pickfirst-s0,03-40-55_coop-cube-pickfirst-s0,3,3999,0
1,1,1,0.294943017869498,0.014554231440087495,0.024695404695162182,-0.0001970992489473411,0.0,0,2026-08-20_03-40-55_coop-cube-pickfirst-s0,03-40-55_coop-cube-pickfirst-s0,3,3999,0
2,0,0,0.06350585036423817,0.5152188750078661,0.03067407869512065,0.02452978170556966,0.965,0,2026-08-20_03-40-55_coop-cube-pickfirst-s0,03-40-55_coop-cube-pickfirst-s0,3,3999,0
2,1,1,0.3181537089897955,0.009908313712506112,0.01171047482642501,-0.0001979645430087995,0.0,0,2026-08-20_03-40-55_coop-cube-pickfirst-s0,03-40-55_coop-cube-pickfirst-s0,3,3999,0
3,0,0,0.07007908623856783,0.47443887919774363,0.011626789521165304,0.00675991945535806,0.965,0,2026-08-20_03-40-55_coop-cube-pickfirst-s0,03-40-55_coop-cube-pickfirst-s0,3,3999,0
3,1,1,0.28936454677342877,0.01596098815622371,0.004087375252619985,-0.00019589735254590956,0.0,0,2026-08-20_03-40-55_coop-cube-pickfirst-s0,03-40-55_coop-cube-pickfirst-s0,3,3999,0
4,0,0,0.06558393894474715,0.502082872741975,0.035143468233957004,0.029002247968622857,0.965,0,2026-08-20_03-40-55_coop-cube-pickfirst-s0,03-40-55_coop-cube-pickfirst-s0,3,3999,0
4,1,1,0.2969434460440067,0.014080346408741007,0.012569772345989383,-0.00019369427511109483,0.0,0,2026-08-20_03-40-55_coop-cube-pickfirst-s0,03-40-55_coop-cube-pickfirst-s0,3,3999,0
5,0,0,0.0718660167028661,0.46374540548476484,0.01618444568480465,0.010655607861018795,0.965,0,2026-08-20_03-40-55_coop-cube-pickfirst-s0,03-40-55_coop-cube-pickfirst-s0,3,3999,0
5,1,1,0.298143508868735,0.013803446784315776,0.01114766141763146,-0.0001961176393759645,0.0,0,2026-08-20_03-40-55_coop-cube-pickfirst-s0,03-40-55_coop-cube-pickfirst-s0,3,3999,0
6,0,0,0.11545496170615181,0.25477691232780575,0.03090156922110393,0.0027351255781693784,0.225,1,2026-08-20_03-40-55_coop-cube-pickfirst-s0,03-40-55_coop-cube-pickfirst-s0,3,3999,0
6,1,1,0.2958275144781381,0.014342779675096118,0.021419354244324118,-0.00019503052678415678,0.0,0,2026-08-20_03-40-55_coop-cube-pickfirst-s0,03-40-55_coop-cube-pickfirst-s0,3,3999,0
7,0,0,0.07615765640541607,0.4387561695504818,0.008314725474952295,0.003717488955181758,0.965,0,2026-08-20_03-40-55_coop-cube-pickfirst-s0,03-40-55_coop-cube-pickfirst-s0,3,3999,0
7,1,1,0.27860287475330237,0.019066676817095507,0.020677162302540075,-0.00019504338780015895,0.0,0,2026-08-20_03-40-55_coop-cube-pickfirst-s0,03-40-55_coop-cube-pickfirst-s0,3,3999,0
0,0,0,0.07373708440930425,0.4527300135107861,0.009077760866056106,0.006154759317773872,0.965,0,2026-08-20_03-40-55_coop-cube-pickfirst-s0,03-40-55_coop-cube-pickfirst-s0,4,3999,0
0,1,0,0.05093702200273344,0.5993061768108229,0.05248415232289266,0.04935531112141486,0.965,0,2026-08-20_03-40-55_coop-cube-pickfirst-s0,03-40-55_coop-cube-pickfirst-s0,4,3999,0
1,0,0,0.07036062876785469,0.47274283695128505,0.01596661047357545,0.011679978390392809,0.965,0,2026-08-20_03-40-55_coop-cube-pickfirst-s0,03-40-55_coop-cube-pickfirst-s0,4,3999,0
1,1,0,0.06639691707495572,0.4970048849912585,0.011156988866024037,0.01037156506590095,0.97,0,2026-08-20_03-40-55_coop-cube-pickfirst-s0,03-40-55_coop-cube-pickfirst-s0,4,3999,0
2,0,0,0.06350742863151836,0.5152088137856536,0.030679860379820345,0.024541644360672327,0.965,0,2026-08-20_03-40-55_coop-cube-pickfirst-s0,03-40-55_coop-cube-pickfirst-s0,4,3999,0
2,1,0,0.05165185145793426,0.5943176460461488,0.01988695193345394,0.01640919509555494,0.965,0,2026-08-20_03-40-55_coop-cube-pickfirst-s0,03-40-55_coop-cube-pickfirst-s0,4,3999,0
3,0,0,0.07140004891172977,0.4665175799488456,0.009425246985592606,0.00494580281157897,0.965,0,2026-08-20_03-40-55_coop-cube-pickfirst-s0,03-40-55_coop-cube-pickfirst-s0,4,3999,0
3,1,0,0.07996292112315076,0.41742113770293776,0.014037815231177309,0.0025981897498878193,0.965,0,2026-08-20_03-40-55_coop-cube-pickfirst-s0,03-40-55_coop-cube-pickfirst-s0,4,3999,0
4,0,0,0.0655814153696961,0.5020986889628009,0.035144940410503867,0.029005077348085523,0.965,0,2026-08-20_03-40-55_coop-cube-pickfirst-s0,03-40-55_coop-cube-pickfirst-s0,4,3999,0
4,1,0,0.10864716104290122,0.2810863105120852,0.02083719014911864,-0.0001451349214623976,0.36,1,2026-08-20_03-40-55_coop-cube-pickfirst-s0,03-40-55_coop-cube-pickfirst-s0,4,3999,0
5,0,0,0.07186199253884264,0.46376929707472736,0.016191460488055393,0.010664822961123505,0.965,0,2026-08-20_03-40-55_coop-cube-pickfirst-s0,03-40-55_coop-cube-pickfirst-s0,4,3999,0
5,1,0,0.10230908272443412,0.3075873246800752,0.024012369209555934,0.002112645823847875,0.21,1,2026-08-20_03-40-55_coop-cube-pickfirst-s0,03-40-55_coop-cube-pickfirst-s0,4,3999,0
6,0,0,0.11545562994259587,0.25477443628511254,0.030728096344340206,0.0027064885127885685,0.225,1,2026-08-20_03-40-55_coop-cube-pickfirst-s0,03-40-55_coop-cube-pickfirst-s0,4,3999,0
6,1,0,0.12770431391693676,0.21273296696059474,0.043118813290407454,-7.733159598957706e-05,0.2,1,2026-08-20_03-40-55_coop-cube-pickfirst-s0,03-40-55_coop-cube-pickfirst-s0,4,3999,0
7,0,0,0.07618614852973958,0.4385935474080104,0.008281038780477396,0.0036850294039327547,0.965,0,2026-08-20_03-40-55_coop-cube-pickfirst-s0,03-40-55_coop-cube-pickfirst-s0,4,3999,0
7,1,0,0.07069585239924935,0.47072888004018765,0.0066524876770005514,0.0020578129090046693,0.965,0,2026-08-20_03-40-55_coop-cube-pickfirst-s0,03-40-55_coop-cube-pickfirst-s0,4,3999,0
0,0,0,0.10817463141077893,0.28299427595390425,0.0004538836953969505,-0.000177122735390417,0.96,0,2026-08-21_18-25-35_coop-cube-pickfirst-s1,18-25-35_coop-cube-pickfirst-s1,2,3999,0
1,0,0,0.05221587550565481,0.590398497885926,0.0032579610522099345,-0.001416400118018385,0.96,1,2026-08-21_18-25-35_coop-cube-pickfirst-s1,18-25-35_coop-cube-pickfirst-s1,2,3999,0
2,0,0,0.1097116522746834,0.2768275575197934,0.001459076097617945,-0.0001754006926064089,0.96,0,2026-08-21_18-25-35_coop-cube-pickfirst-s1,18-25-35_coop-cube-pickfirst-s1,2,3999,0
3,0,0,0.09640252108375058,0.3340921419897822,0.003136462162368514,-0.00015064162197320208,0.96,0,2026-08-21_18-25-35_coop-cube-pickfirst-s1,18-25-35_coop-cube-pickfirst-s1,2,3999,0
4,0,0,0.05019721656763532,0.6044941400025934,0.0055746209166261385,-0.0014813905097461333,0.96,1,2026-08-21_18-25-35_coop-cube-pickfirst-s1,18-25-35_coop-cube-pickfirst-s1,2,3999,0
5,0,0,0.09689755018426816,0.33180247206422453,0.008680571714217905,-0.00018105253047492886,0.955,0,2026-08-21_18-25-35_coop-cube-pickfirst-s1,18-25-35_coop-cube-pickfirst-s1,2,3999,0
6,0,0,0.10249228723863743,0.3067934162066418,0.008975797361906929,-0.00016010432250240791,0.96,0,2026-08-21_18-25-35_coop-cube-pickfirst-s1,18-25-35_coop-cube-pickfirst-s1,2,3999,0
7,0,0,0.05145689668166709,0.5956757856043691,0.011110304659889825,-0.0013527215372444723,0.96,1,2026-08-21_18-25-35_coop-cube-pickfirst-s1,18-25-35_coop-cube-pickfirst-s1,2,3999,0
0,0,0,0.10817400425188636,0.2829968154488932,0.0004543080914637676,-0.00017712081302312388,0.96,0,2026-08-21_18-25-35_coop-cube-pickfirst-s1,18-25-35_coop-cube-pickfirst-s1,3,3999,0
0,1,1,0.4008175212942614,0.0025076744608054646,0.0014059734244262767,-0.00018412351751825873,0.0,0,2026-08-21_18-25-35_coop-cube-pickfirst-s1,18-25-35_coop-cube-pickfirst-s1,3,3999,0
1,0,0,0.05222114582188496,0.59036194773174,0.003256721984024963,-0.0014161050282952004,0.96,1,2026-08-21_18-25-35_coop-cube-pickfirst-s1,18-25-35_coop-cube-pickfirst-s1,3,3999,0
1,1,1,0.4166221213313566,0.0019275238707798792,0.0,-0.0001841235175181477,0.0,0,2026-08-21_18-25-35_coop-cube-pickfirst-s1,18-25-35_coop-cube-pickfirst-s1,3,3999,0
2,0,0,0.10971220966823766,0.27682534178744156,0.0014601822512245732,-0.00017536307412166496,0.96,0,2026-08-21_18-25-35_coop-cube-pickfirst-s1,18-25-35_coop-cube-pickfirst-s1,3,3999,0
2,1,1,0.40375645683499733,0.002387945786285539,0.0,-0.0001841235175181477,0.0,0,2026-08-21_18-25-35_coop-cube-pickfirst-s1,18-25-35_coop-cube-pickfirst-s1,3,3999,0
3,0,0,0.09639964353837108,0.3341054884196216,0.003131725688724163,-0.00014929481345482554,0.96,0,2026-08-21_18-25-35_coop-cube-pickfirst-s1,18-25-35_coop-cube-pickfirst-s1,3,3999,0
3,1,1,0.39182684513350535,0.002912459024074665,0.00028456292658687876,-0.00018412351751820322,0.0,0,2026-08-21_18-25-35_coop-cube-pickfirst-s1,18-25-35_coop-cube-pickfirst-s1,3,3999,0
4,0,0,0.050191614565850265,0.6045335216405092,0.005573594799131998,-0.0014846455565836747,0.96,1,2026-08-21_18-25-35_coop-cube-pickfirst-s1,18-25-35_coop-cube-pickfirst-s1,3,3999,0
4,1,1,0.3054635991639328,0.012227772765915024,0.0004993096173510625,-0.0016113273281606055,0.0,1,2026-08-21_18-25-35_coop-cube-pickfirst-s1,18-25-35_coop-cube-pickfirst-s1,3,3999,0
5,0,0,0.09689753071525939,0.3318025618669944,0.008680561606340759,-0.0001810510509421548,0.955,0,2026-08-21_18-25-35_coop-cube-pickfirst-s1,18-25-35_coop-cube-pickfirst-s1,3,3999,0
5,1,1,0.39001446894907815,0.0030016416696005965,0.00180862730213871,-0.00018412351751836975,0.0,0,2026-08-21_18-25-35_coop-cube-pickfirst-s1,18-25-35_coop-cube-pickfirst-s1,3,3999,0
6,0,0,0.1024929085709435,0.30679072654831374,0.008991736926651506,-0.00015988177707831897,0.96,0,2026-08-21_18-25-35_coop-cube-pickfirst-s1,18-25-35_coop-cube-pickfirst-s1,3,3999,0
6,1,1,0.4031601276471547,0.002411768719266849,0.003575323030996086,-0.0001841235175178979,0.0,0,2026-08-21_18-25-35_coop-cube-pickfirst-s1,18-25-35_coop-cube-pickfirst-s1,3,3999,0
7,0,0,0.05145146126815777,0.5957136766532538,0.01111002027287078,-0.0013530060258751808,0.96,1,2026-08-21_18-25-35_coop-cube-pickfirst-s1,18-25-35_coop-cube-pickfirst-s1,3,3999,0
7,1,1,0.3856702617978614,0.0032266683229287274,0.002820863571490001,-0.0001841235175180922,0.0,0,2026-08-21_18-25-35_coop-cube-pickfirst-s1,18-25-35_coop-cube-pickfirst-s1,3,3999,0
0,0,0,0.10817408525252653,0.28299648745961725,0.0004543549677837322,-0.0001771220242361149,0.96,0,2026-08-21_18-25-35_coop-cube-pickfirst-s1,18-25-35_coop-cube-pickfirst-s1,4,3999,0
0,1,0,0.07920689513440296,0.4215983492035479,0.001652644057744318,-0.0017176547008847243,0.96,1,2026-08-21_18-25-35_coop-cube-pickfirst-s1,18-25-35_coop-cube-pickfirst-s1,4,3999,0
1,0,0,0.052219820310521504,0.5903711401578138,0.003256711522541339,-0.0014161410880091374,0.96,1,2026-08-21_18-25-35_coop-cube-pickfirst-s1,18-25-35_coop-cube-pickfirst-s1,4,3999,0
1,1,0,0.07143591328409826,0.4663038036506152,0.0010108390797285427,-0.001410971673551198,0.96,1,2026-08-21_18-25-35_coop-cube-pickfirst-s1,18-25-35_coop-cube-pickfirst-s1,4,3999,0
2,0,0,0.10971360000296203,0.2768198150398763,0.0014600992484901376,-0.0001753679730784885,0.96,0,2026-08-21_18-25-35_coop-cube-pickfirst-s1,18-25-35_coop-cube-pickfirst-s1,4,3999,0
2,1,0,0.08300468155161234,0.4009233585902543,0.0024502466343301332,-0.0018356285559925634,0.96,1,2026-08-21_18-25-35_coop-cube-pickfirst-s1,18-25-35_coop-cube-pickfirst-s1,4,3999,0
3,0,0,0.09634546224469999,0.33435686788373575,0.0031046763878063988,-0.00014950393622939484,0.96,0,2026-08-21_18-25-35_coop-cube-pickfirst-s1,18-25-35_coop-cube-pickfirst-s1,4,3999,0
3,1,0,0.09264304257468031,0.35189438431771214,0.018531601401581554,-0.00016046245547493565,0.96,0,2026-08-21_18-25-35_coop-cube-pickfirst-s1,18-25-35_coop-cube-pickfirst-s1,4,3999,0
4,0,0,0.05019056683623262,0.6045408872598492,0.005573907312566739,-0.0014837751359167983,0.96,1,2026-08-21_18-25-35_coop-cube-pickfirst-s1,18-25-35_coop-cube-pickfirst-s1,4,3999,0
4,1,0,0.09366532989517241,0.34698092458096075,0.011599602743806392,-0.00017692874886673926,0.96,0,2026-08-21_18-25-35_coop-cube-pickfirst-s1,18-25-35_coop-cube-pickfirst-s1,4,3999,0
5,0,0,0.09727300388391057,0.33007427281806156,0.008498147008440898,-0.00018091817395762821,0.955,0,2026-08-21_18-25-35_coop-cube-pickfirst-s1,18-25-35_coop-cube-pickfirst-s1,4,3999,0
5,1,0,0.10414989775477108,0.29968633879991735,0.0017783500581086686,-0.00017334520432038536,0.96,0,2026-08-21_18-25-35_coop-cube-pickfirst-s1,18-25-35_coop-cube-pickfirst-s1,4,3999,0
6,0,0,0.10250481227684836,0.306739200843124,0.008991217343867458,-0.00015997970012360252,0.96,0,2026-08-21_18-25-35_coop-cube-pickfirst-s1,18-25-35_coop-cube-pickfirst-s1,4,3999,0
6,1,0,0.08853646811970137,0.3721835033340548,0.012361558270610251,-0.0001667325226684946,0.96,0,2026-08-21_18-25-35_coop-cube-pickfirst-s1,18-25-35_coop-cube-pickfirst-s1,4,3999,0
7,0,0,0.05145854819830537,0.5956642729193904,0.011110352632140247,-0.0013524795130067102,0.96,1,2026-08-21_18-25-35_coop-cube-pickfirst-s1,18-25-35_coop-cube-pickfirst-s1,4,3999,0
7,1,0,0.05935110327815607,0.5421461493345743,0.00723534662722819,-0.0015830943905716932,0.96,1,2026-08-21_18-25-35_coop-cube-pickfirst-s1,18-25-35_coop-cube-pickfirst-s1,4,3999,0
0,0,0,0.20999710395343457,0.058627208274518394,0.006952060093876805,0.006952060093876805,0.0,1,2026-08-21_21-07-59_coop-cube-pickfirst-s2,21-07-59_coop-cube-pickfirst-s2,2,3999,0
1,0,0,0.16858485304330834,0.11359940777291921,0.005647328740322921,-0.00122181962147222,0.125,1,2026-08-21_21-07-59_coop-cube-pickfirst-s2,21-07-59_coop-cube-pickfirst-s2,2,3999,0
2,0,0,0.2014167688211872,0.06733687727118476,0.001358198344232786,-0.00018412351751825873,0.0,1,2026-08-21_21-07-59_coop-cube-pickfirst-s2,21-07-59_coop-cube-pickfirst-s2,2,3999,0
3,0,0,0.17942609541305685,0.09571973358070718,0.011732917642765822,-0.0009824177712666748,0.045,1,2026-08-21_21-07-59_coop-cube-pickfirst-s2,21-07-59_coop-cube-pickfirst-s2,2,3999,0
4,0,0,0.22621117779249664,0.04505707331010367,0.005685859249969533,-0.00018412351751825873,0.0,1,2026-08-21_21-07-59_coop-cube-pickfirst-s2,21-07-59_coop-cube-pickfirst-s2,2,3999,0
5,0,0,0.19776205939058097,0.07141497230889571,0.030898972228975113,-0.0009199485922365414,0.01,1,2026-08-21_21-07-59_coop-cube-pickfirst-s2,21-07-59_coop-cube-pickfirst-s2,2,3999,0
6,0,0,0.24423725522591946,0.0335608011176417,0.027348170608708033,0.014567742769458297,0.0,1,2026-08-21_21-07-59_coop-cube-pickfirst-s2,21-07-59_coop-cube-pickfirst-s2,2,3999,0
7,0,0,0.21653811107025914,0.05273157098195669,0.01647478931800539,0.01647478931800539,0.0,1,2026-08-21_21-07-59_coop-cube-pickfirst-s2,21-07-59_coop-cube-pickfirst-s2,2,3999,0
0,0,0,0.2099971005981145,0.05862721145696326,0.02249493995387633,1.259298530101316e-05,0.0,1,2026-08-21_21-07-59_coop-cube-pickfirst-s2,21-07-59_coop-cube-pickfirst-s2,3,3999,0
0,1,1,0.527089840979648,0.00030602721325856397,0.0,-0.0001841235175180922,0.0,1,2026-08-21_21-07-59_coop-cube-pickfirst-s2,21-07-59_coop-cube-pickfirst-s2,3,3999,0
1,0,0,0.16970193314825702,0.11162092741971652,0.005835339581715893,-0.0011877700156808224,0.125,1,2026-08-21_21-07-59_coop-cube-pickfirst-s2,21-07-59_coop-cube-pickfirst-s2,3,3999,0
1,1,1,0.5078162960532412,0.0004219310096976736,0.0,-0.0001841235175181477,0.0,0,2026-08-21_21-07-59_coop-cube-pickfirst-s2,21-07-59_coop-cube-pickfirst-s2,3,3999,0
2,0,0,0.2014167688211861,0.06733687727118598,0.022207228963986636,0.005318408867447388,0.0,1,2026-08-21_21-07-59_coop-cube-pickfirst-s2,21-07-59_coop-cube-pickfirst-s2,3,3999,0
2,1,1,0.5330272633366555,0.0002771978213315096,0.0038050787009087372,0.001373383164011338,0.0,1,2026-08-21_21-07-59_coop-cube-pickfirst-s2,21-07-59_coop-cube-pickfirst-s2,3,3999,0
3,0,0,0.17942501077564518,0.09572138113309137,0.012637093219411533,-0.0010013515332301381,0.045,1,2026-08-21_21-07-59_coop-cube-pickfirst-s2,21-07-59_coop-cube-pickfirst-s2,3,3999,0
3,1,1,0.5343660627316041,0.00027108194163705246,0.0,-0.0001841235175181477,0.0,1,2026-08-21_21-07-59_coop-cube-pickfirst-s2,21-07-59_coop-cube-pickfirst-s2,3,3999,0
4,0,0,0.2262111777924965,0.04505707331010378,0.008530029670734046,-0.0001841235175180922,0.0,1,2026-08-21_21-07-59_coop-cube-pickfirst-s2,21-07-59_coop-cube-pickfirst-s2,3,3999,0
4,1,1,0.5392169636847701,0.00025003060257278165,0.0,-0.0001841235175181477,0.0,1,2026-08-21_21-07-59_coop-cube-pickfirst-s2,21-07-59_coop-cube-pickfirst-s2,3,3999,0
5,0,0,0.19776206057191617,0.07141497095301974,0.030898972309058442,-0.0009138586779306457,0.01,1,2026-08-21_21-07-59_coop-cube-pickfirst-s2,21-07-59_coop-cube-pickfirst-s2,3,3999,0
5,1,1,0.5368640792779064,0.0002600289733980521,0.0,-0.0001841235175181477,0.0,1,2026-08-21_21-07-59_coop-cube-pickfirst-s2,21-07-59_coop-cube-pickfirst-s2,3,3999,0
6,0,0,0.24423725522592143,0.033560801117640704,0.02734764408477905,0.014496500165290555,0.0,1,2026-08-21_21-07-59_coop-cube-pickfirst-s2,21-07-59_coop-cube-pickfirst-s2,3,3999,0
6,1,1,0.5329030265137226,0.00027777230578829304,0.0,-0.0001841235175181477,0.0,1,2026-08-21_21-07-59_coop-cube-pickfirst-s2,21-07-59_coop-cube-pickfirst-s2,3,3999,0
7,0,0,0.21653833940413222,0.05273137559982333,0.015723781782692348,0.015723781782692348,0.0,1,2026-08-21_21-07-59_coop-cube-pickfirst-s2,21-07-59_coop-cube-pickfirst-s2,3,3999,0
7,1,1,0.5325498769764851,0.00027941181693968975,0.0,-0.0001841235175181477,0.0,1,2026-08-21_21-07-59_coop-cube-pickfirst-s2,21-07-59_coop-cube-pickfirst-s2,3,3999,0
0,0,0,0.209997100598114,0.0586272114569637,0.0030199079030859832,0.0030199079030859832,0.0,1,2026-08-21_21-07-59_coop-cube-pickfirst-s2,21-07-59_coop-cube-pickfirst-s2,4,3999,0
0,1,0,0.15800416925331293,0.13403873208039307,0.05551756548299894,0.05551756548299894,0.79,1,2026-08-21_21-07-59_coop-cube-pickfirst-s2,21-07-59_coop-cube-pickfirst-s2,4,3999,0
1,0,0,0.16867865063782786,0.11343202160759158,0.005573724140798125,-0.001225566284780183,0.125,1,2026-08-21_21-07-59_coop-cube-pickfirst-s2,21-07-59_coop-cube-pickfirst-s2,4,3999,0
1,1,0,0.22855746196500348,0.04336660127218195,0.0,-0.0001841235175181477,0.0,1,2026-08-21_21-07-59_coop-cube-pickfirst-s2,21-07-59_coop-cube-pickfirst-s2,4,3999,0
2,0,0,0.20141695978529212,0.06733667017171685,0.0013583514931282958,-0.00018412351751803668,0.0,1,2026-08-21_21-07-59_coop-cube-pickfirst-s2,21-07-59_coop-cube-pickfirst-s2,4,3999,0
2,1,0,0.21239737439780038,0.056392974067261514,0.0010334498872063003,-0.0008156712143722877,0.0,1,2026-08-21_21-07-59_coop-cube-pickfirst-s2,21-07-59_coop-cube-pickfirst-s2,4,3999,0
3,0,0,0.17942868249992835,0.0957158039327306,0.011767393091383582,-0.000982686548152395,0.045,1,2026-08-21_21-07-59_coop-cube-pickfirst-s2,21-07-59_coop-cube-pickfirst-s2,4,3999,0
3,1,0,0.14604336505850826,0.1612246855802023,0.045430612533367665,-0.0005705149724601344,0.165,1,2026-08-21_21-07-59_coop-cube-pickfirst-s2,21-07-59_coop-cube-pickfirst-s2,4,3999,0
4,0,0,0.22621117779249775,0.04505707331010289,0.005580365999808878,-0.00018412351751803668,0.0,1,2026-08-21_21-07-59_coop-cube-pickfirst-s2,21-07-59_coop-cube-pickfirst-s2,4,3999,0
4,1,0,0.21286250351132266,0.05596968403742997,0.015815529284316787,-0.00018412351751817546,0.0,1,2026-08-21_21-07-59_coop-cube-pickfirst-s2,21-07-59_coop-cube-pickfirst-s2,4,3999,0
5,0,0,0.19776205939058472,0.07141497230889138,0.030899183998273905,-0.0009198959186031974,0.01,1,2026-08-21_21-07-59_coop-cube-pickfirst-s2,21-07-59_coop-cube-pickfirst-s2,4,3999,0
5,1,0,0.20825032907930469,0.06030688249037219,0.010033212425152926,-0.0012644357153723806,0.0,1,2026-08-21_21-07-59_coop-cube-pickfirst-s2,21-07-59_coop-cube-pickfirst-s2,4,3999,0
6,0,0,0.24423725522592146,0.03356080111764059,0.027346646820016446,0.014457150911982408,0.0,1,2026-08-21_21-07-59_coop-cube-pickfirst-s2,21-07-59_coop-cube-pickfirst-s2,4,3999,0
6,1,0,0.2067887154593022,0.06174809799961134,0.0,-0.0001841235175181477,0.0,0,2026-08-21_21-07-59_coop-cube-pickfirst-s2,21-07-59_coop-cube-pickfirst-s2,4,3999,0
7,0,0,0.2166387779400073,0.052645499997122314,0.01689781987714059,0.01689781987714059,0.0,1,2026-08-21_21-07-59_coop-cube-pickfirst-s2,21-07-59_coop-cube-pickfirst-s2,4,3999,0
7,1,0,0.19869431381511582,0.07035266333311496,0.006186454090586019,-0.0009699222206430436,0.015,1,2026-08-21_21-07-59_coop-cube-pickfirst-s2,21-07-59_coop-cube-pickfirst-s2,4,3999,0
0,0,0,0.12110522313128905,0.23456485038750408,0.05218124740359961,0.05218124740359961,0.53,0,2026-08-19_20-17-27_coop-cube-pinch-s0,20-17-27_coop-cube-pinch-s0,2,3999,0
1,0,0,0.13606999012371473,0.18764454683190157,0.05530936068492531,0.05530936068492531,0.655,0,2026-08-19_20-17-27_coop-cube-pinch-s0,20-17-27_coop-cube-pinch-s0,2,3999,0
2,0,0,0.12289696282981158,0.22845203706530282,0.03587557146751397,0.03587557146751397,0.54,0,2026-08-19_20-17-27_coop-cube-pinch-s0,20-17-27_coop-cube-pinch-s0,2,3999,0
3,0,0,0.13937580442875655,0.17848324659119996,0.03792511337995097,0.03792511337995097,0.725,0,2026-08-19_20-17-27_coop-cube-pinch-s0,20-17-27_coop-cube-pinch-s0,2,3999,0
4,0,0,0.11226299256768749,0.26684057969890984,0.06795327348337099,-0.00018412351796101567,0.455,0,2026-08-19_20-17-27_coop-cube-pinch-s0,20-17-27_coop-cube-pinch-s0,2,3999,0
5,0,0,0.12267674824863675,0.22919578818712605,0.04762197291136197,0.04762197291136197,0.565,0,2026-08-19_20-17-27_coop-cube-pinch-s0,20-17-27_coop-cube-pinch-s0,2,3999,0
6,0,0,0.1344094178826266,0.1924037864420176,0.04026231393921109,0.04026231393921109,0.725,0,2026-08-19_20-17-27_coop-cube-pinch-s0,20-17-27_coop-cube-pinch-s0,2,3999,0
7,0,0,0.13188737535741218,0.19983835594402422,0.09348220564374726,0.08305398239871192,0.88,0,2026-08-19_20-17-27_coop-cube-pinch-s0,20-17-27_coop-cube-pinch-s0,2,3999,0
0,0,0,0.12110522362820116,0.23456484867270588,0.05218124747091912,0.05218124747091912,0.53,0,2026-08-19_20-17-27_coop-cube-pinch-s0,20-17-27_coop-cube-pinch-s0,3,3999,0
0,1,1,0.2958060101714404,0.014347884237509878,0.06515642732224436,-0.00018412351751828648,0.0,1,2026-08-19_20-17-27_coop-cube-pinch-s0,20-17-27_coop-cube-pinch-s0,3,3999,0
1,0,0,0.1360699901237206,0.18764454683188492,0.055309360684924036,0.055309360684924036,0.655,0,2026-08-19_20-17-27_coop-cube-pinch-s0,20-17-27_coop-cube-pinch-s0,3,3999,0
1,1,1,0.4524642031154658,0.0010610953452376837,0.07534274063655438,-0.00018412351751817546,0.0,1,2026-08-19_20-17-27_coop-cube-pinch-s0,20-17-27_coop-cube-pinch-s0,3,3999,0
2,0,0,0.12289696282980858,0.22845203706531303,0.03587557146751566,0.03587557146751566,0.54,0,2026-08-19_20-17-27_coop-cube-pinch-s0,20-17-27_coop-cube-pinch-s0,3,3999,0
2,1,1,0.35235119893114836,0.005615724815915546,0.0,-0.0001841235175181477,0.0,1,2026-08-19_20-17-27_coop-cube-pinch-s0,20-17-27_coop-cube-pinch-s0,3,3999,0
3,0,0,0.13937580456816162,0.17848324621351652,0.03792511307799984,0.03792511307799984,0.725,0,2026-08-19_20-17-27_coop-cube-pinch-s0,20-17-27_coop-cube-pinch-s0,3,3999,0
3,1,1,0.4403419741729893,0.0012985134226229933,0.057906030188106944,-0.0001841235175181477,0.0,1,2026-08-19_20-17-27_coop-cube-pinch-s0,20-17-27_coop-cube-pinch-s0,3,3999,0
4,0,0,0.11263318110895115,0.26541710552512177,0.06283297486140882,-0.0001841235175185918,0.435,0,2026-08-19_20-17-27_coop-cube-pinch-s0,20-17-27_coop-cube-pinch-s0,3,3999,0
4,1,1,0.4419293636721797,0.0012646312142041705,0.003531042125478806,-0.00018412351751823097,0.0,1,2026-08-19_20-17-27_coop-cube-pinch-s0,20-17-27_coop-cube-pinch-s0,3,3999,0
5,0,0,0.12267674824864452,0.22919578818709974,0.047621972911364774,0.047621972911364774,0.565,0,2026-08-19_20-17-27_coop-cube-pinch-s0,20-17-27_coop-cube-pinch-s0,3,3999,0
5,1,1,0.3363869668132376,0.007321283501654174,0.0,-0.0001841235175181477,0.0,1,2026-08-19_20-17-27_coop-cube-pinch-s0,20-17-27_coop-cube-pinch-s0,3,3999,0
6,0,0,0.13440996147679649,0.19240221098342636,0.040262023793343954,0.040262023793343954,0.725,0,2026-08-19_20-17-27_coop-cube-pinch-s0,20-17-27_coop-cube-pinch-s0,3,3999,0
6,1,1,0.36795470256082385,0.004332546435719342,0.0,-0.0001841235175181477,0.0,1,2026-08-19_20-17-27_coop-cube-pinch-s0,20-17-27_coop-cube-pinch-s0,3,3999,0
7,0,0,0.1318873753574058,0.1998383559440433,0.09348220564375428,0.08305379909575228,0.88,0,2026-08-19_20-17-27_coop-cube-pinch-s0,20-17-27_coop-cube-pinch-s0,3,3999,0
7,1,1,0.41994919815051457,0.00182364440430971,0.0,-0.0001841235175181477,0.0,0,2026-08-19_20-17-27_coop-cube-pinch-s0,20-17-27_coop-cube-pinch-s0,3,3999,0
0,0,0,0.12110522313199149,0.23456485038508013,0.052181247401629965,0.052181247401629965,0.53,0,2026-08-19_20-17-27_coop-cube-pinch-s0,20-17-27_coop-cube-pinch-s0,4,3999,0
0,1,0,0.11870089931150923,0.24299003577758016,0.04948951394599499,0.04948951394599499,0.545,0,2026-08-19_20-17-27_coop-cube-pinch-s0,20-17-27_coop-cube-pinch-s0,4,3999,0
1,0,0,0.1360699901237445,0.1876445468318173,0.055309360684919706,0.055309360684919706,0.655,0,2026-08-19_20-17-27_coop-cube-pinch-s0,20-17-27_coop-cube-pinch-s0,4,3999,0
1,1,0,0.15134498557997836,0.14860314050521517,0.02625436543717613,0.005597170312429428,0.51,0,2026-08-19_20-17-27_coop-cube-pinch-s0,20-17-27_coop-cube-pinch-s0,4,3999,0
2,0,0,0.12289696282984991,0.22845203706517359,0.035875571467495676,0.035875571467495676,0.54,0,2026-08-19_20-17-27_coop-cube-pinch-s0,20-17-27_coop-cube-pinch-s0,4,3999,0
2,1,0,0.1329687218441762,0.1966199405781368,0.03927925672114882,0.03927925672114882,0.865,0,2026-08-19_20-17-27_coop-cube-pinch-s0,20-17-27_coop-cube-pinch-s0,4,3999,0
3,0,0,0.139375804568163,0.17848324621351275,0.0379251130780002,0.0379251130780002,0.725,0,2026-08-19_20-17-27_coop-cube-pinch-s0,20-17-27_coop-cube-pinch-s0,4,3999,0
3,1,0,0.13848494816471701,0.18091156575535627,0.037574749312884764,-0.00018412351752986056,0.72,0,2026-08-19_20-17-27_coop-cube-pinch-s0,20-17-27_coop-cube-pinch-s0,4,3999,0
4,0,0,0.1126323461228301,0.2654203090212144,0.06283760403922117,-0.00018412351751881384,0.44,0,2026-08-19_20-17-27_coop-cube-pinch-s0,20-17-27_coop-cube-pinch-s0,4,3999,0
4,1,0,0.12582401283765204,0.21876446380934034,0.09134446692849563,0.08132560505361935,0.88,0,2026-08-19_20-17-27_coop-cube-pinch-s0,20-17-27_coop-cube-pinch-s0,4,3999,0
5,0,0,0.12267674824864702,0.2291957881870914,0.04762197291136405,0.04762197291136405,0.565,0,2026-08-19_20-17-27_coop-cube-pinch-s0,20-17-27_coop-cube-pinch-s0,4,3999,0
5,1,0,0.12900054511143558,0.2086607482906866,0.04394752859149528,0.04394752859149528,0.785,0,2026-08-19_20-17-27_coop-cube-pinch-s0,20-17-27_coop-cube-pinch-s0,4,3999,0
6,0,0,0.13440945224432393,0.19240368685372222,0.04026229210913554,0.04026229210913554,0.725,0,2026-08-19_20-17-27_coop-cube-pinch-s0,20-17-27_coop-cube-pinch-s0,4,3999,0
6,1,0,0.1446017723707771,0.1648221686744641,0.056527607575017375,0.056527607575017375,0.65,0,2026-08-19_20-17-27_coop-cube-pinch-s0,20-17-27_coop-cube-pinch-s0,4,3999,0
7,0,0,0.13188737535741188,0.1998383559440251,0.09348220564375448,0.08305398239860107,0.88,0,2026-08-19_20-17-27_coop-cube-pinch-s0,20-17-27_coop-cube-pinch-s0,4,3999,0
7,1,0,0.28401102752114077,0.01743759150827784,0.0680103892765761,-0.0001841235175181477,0.0,1,2026-08-19_20-17-27_coop-cube-pinch-s0,20-17-27_coop-cube-pinch-s0,4,3999,0
0,0,0,0.061910769850803224,0.525452686627002,0.09298922646345384,0.03431689911975838,0.915,0,2026-08-21_17-19-04_coop-cube-control-s1,17-19-04_coop-cube-control-s1,2,3999,0
1,0,0,0.0704165787335897,0.4724062874710492,0.08078181843162707,0.01407512461442989,0.925,0,2026-08-21_17-19-04_coop-cube-control-s1,17-19-04_coop-cube-control-s1,2,3999,0
2,0,0,0.0837677302944278,0.39686225004986897,0.08417398798152548,0.05162061744368324,0.925,0,2026-08-21_17-19-04_coop-cube-control-s1,17-19-04_coop-cube-control-s1,2,3999,0
3,0,0,0.11978623873846292,0.23915497828207777,0.090079150205669,0.03683214609478261,0.915,0,2026-08-21_17-19-04_coop-cube-control-s1,17-19-04_coop-cube-control-s1,2,3999,0
4,0,0,0.10897450397605399,0.27977089319343107,0.0879557510789376,0.05353141885315049,0.885,0,2026-08-21_17-19-04_coop-cube-control-s1,17-19-04_coop-cube-control-s1,2,3999,0
5,0,0,0.0573978251798551,0.555106695911397,0.0875870047702878,0.057513541617592784,0.925,0,2026-08-21_17-19-04_coop-cube-control-s1,17-19-04_coop-cube-control-s1,2,3999,0
6,0,0,0.0703743776122253,0.4726601197482363,0.09752801748003456,0.037650267491129735,0.91,0,2026-08-21_17-19-04_coop-cube-control-s1,17-19-04_coop-cube-control-s1,2,3999,0
7,0,0,0.08573316603346007,0.3865446040049454,0.09994920093622586,0.06210980706926686,0.875,0,2026-08-21_17-19-04_coop-cube-control-s1,17-19-04_coop-cube-control-s1,2,3999,0
0,0,0,0.06191314084673885,0.5254373779443418,0.11488760865230785,0.03706316283802513,0.915,0,2026-08-21_17-19-04_coop-cube-control-s1,17-19-04_coop-cube-control-s1,3,3999,0
0,1,1,0.3833974160682839,0.003351032822056288,0.05810255691950619,0.05693404897150975,0.0,0,2026-08-21_17-19-04_coop-cube-control-s1,17-19-04_coop-cube-control-s1,3,3999,0
1,0,0,0.07040628494744558,0.472468194089406,0.08078193275502515,0.007638235914282782,0.925,0,2026-08-21_17-19-04_coop-cube-control-s1,17-19-04_coop-cube-control-s1,3,3999,0
1,1,1,0.38525602312039353,0.0032489859328223014,0.04021451456255129,-0.00033462021439495393,0.0,0,2026-08-21_17-19-04_coop-cube-control-s1,17-19-04_coop-cube-control-s1,3,3999,0
2,0,0,0.08376773029442716,0.3968622500498723,0.0841739879815944,0.05162061739903551,0.925,0,2026-08-21_17-19-04_coop-cube-control-s1,17-19-04_coop-cube-control-s1,3,3999,0
2,1,1,0.3203782357873081,0.009549406993204612,0.05760641846908818,0.02870524960492843,0.0,0,2026-08-21_17-19-04_coop-cube-control-s1,17-19-04_coop-cube-control-s1,3,3999,0
3,0,0,0.11982368670249305,0.23902359369932036,0.0899970933989819,0.025431357276128497,0.93,0,2026-08-21_17-19-04_coop-cube-control-s1,17-19-04_coop-cube-control-s1,3,3999,0
3,1,1,0.4269328093532731,0.001623433888954584,0.06160336897993174,0.05720977907581165,0.0,0,2026-08-21_17-19-04_coop-cube-control-s1,17-19-04_coop-cube-control-s1,3,3999,0
4,0,0,0.11477141023270612,0.25732048282146325,0.07849295815643678,0.04223707738552293,0.905,0,2026-08-21_17-19-04_coop-cube-control-s1,17-19-04_coop-cube-control-s1,3,3999,0
4,1,1,0.4136501510279287,0.002025304602761513,0.05747558689710924,0.05725710911266746,0.0,0,2026-08-21_17-19-04_coop-cube-control-s1,17-19-04_coop-cube-control-s1,3,3999,0
5,0,0,0.05739790581257287,0.555106156969227,0.08757163956336969,0.04408471514935741,0.925,0,2026-08-21_17-19-04_coop-cube-control-s1,17-19-04_coop-cube-control-s1,3,3999,0
5,1,1,0.39341172614284575,0.002836642201582862,0.05769475593705528,0.0558519045199819,0.0,0,2026-08-21_17-19-04_coop-cube-control-s1,17-19-04_coop-cube-control-s1,3,3999,0
6,0,0,0.07037496295385293,0.4726565983779113,0.09755282594899484,0.07444825165196278,0.925,0,2026-08-21_17-19-04_coop-cube-control-s1,17-19-04_coop-cube-control-s1,3,3999,0
6,1,1,0.4398398298226835,0.00130941923274841,0.06423525002638952,0.05410783817297951,0.0,0,2026-08-21_17-19-04_coop-cube-control-s1,17-19-04_coop-cube-control-s1,3,3999,0
7,0,0,0.06588374254973199,0.5002062456638035,0.0983248657601066,0.0914351287396595,0.89,0,2026-08-21_17-19-04_coop-cube-control-s1,17-19-04_coop-cube-control-s1,3,3999,0
7,1,1,0.4130888444414302,0.0020443209943532548,0.059607864599875215,0.0572011040239323,0.0,0,2026-08-21_17-19-04_coop-cube-control-s1,17-19-04_coop-cube-control-s1,3,3999,0
0,0,0,0.0619089994343989,0.5254641177671324,0.12971442176808834,0.05789720677744081,0.88,0,2026-08-21_17-19-04_coop-cube-control-s1,17-19-04_coop-cube-control-s1,4,3999,0
0,1,0,0.06365715188406439,0.5142549335859821,0.08583719411156635,0.06568954250163958,0.93,0,2026-08-21_17-19-04_coop-cube-control-s1,17-19-04_coop-cube-control-s1,4,3999,0
1,0,0,0.08422339614746842,0.3944518990840493,0.08078410066586025,0.07746813924144619,0.925,0,2026-08-21_17-19-04_coop-cube-control-s1,17-19-04_coop-cube-control-s1,4,3999,0
1,1,0,0.1248875111487977,0.2218241193191085,0.08465483491603851,0.05941753731395383,0.735,0,2026-08-21_17-19-04_coop-cube-control-s1,17-19-04_coop-cube-control-s1,4,3999,0
2,0,0,0.0837682616357713,0.3968594329526506,0.08417630705005741,0.03691776487133061,0.915,0,2026-08-21_17-19-04_coop-cube-control-s1,17-19-04_coop-cube-control-s1,4,3999,0
2,1,0,0.054806696193804114,0.5725908285104224,0.19772903522607083,0.14253224098476786,0.93,0,2026-08-21_17-19-04_coop-cube-control-s1,17-19-04_coop-cube-control-s1,4,3999,0
3,0,0,0.11978676995823839,0.23915311408387652,0.09007903593462543,0.023881388748345306,0.91,0,2026-08-21_17-19-04_coop-cube-control-s1,17-19-04_coop-cube-control-s1,4,3999,0
3,1,0,0.06386629473254704,0.5129244283570824,0.07594366250362672,0.04170317909340715,0.925,0,2026-08-21_17-19-04_coop-cube-control-s1,17-19-04_coop-cube-control-s1,4,3999,0
4,0,0,0.11477141023368137,0.25732048281781883,0.07849295815617899,0.04221655070983818,0.905,0,2026-08-21_17-19-04_coop-cube-control-s1,17-19-04_coop-cube-control-s1,4,3999,0
4,1,0,0.062296836231067174,0.5229637775653053,0.10525505445004399,0.0921869267231464,0.93,0,2026-08-21_17-19-04_coop-cube-control-s1,17-19-04_coop-cube-control-s1,4,3999,0
5,0,0,0.057397815058235574,0.5551067635634567,0.08150351408010251,0.057077761483568995,0.925,0,2026-08-21_17-19-04_coop-cube-control-s1,17-19-04_coop-cube-control-s1,4,3999,0
5,1,0,0.06738303819213876,0.49089172068339704,0.1035329344522462,0.052226502718564355,0.89,0,2026-08-21_17-19-04_coop-cube-control-s1,17-19-04_coop-cube-control-s1,4,3999,0
6,0,0,0.07037759126482707,0.47264078688403255,0.09719370062647165,0.08928071465380066,0.925,0,2026-08-21_17-19-04_coop-cube-control-s1,17-19-04_coop-cube-control-s1,4,3999,0
6,1,0,0.06953411117121125,0.4777337629555276,0.05621855917435856,0.0008918916973129631,0.925,0,2026-08-21_17-19-04_coop-cube-control-s1,17-19-04_coop-cube-control-s1,4,3999,0
7,0,0,0.08574479869341853,0.3864841495181224,0.08357054518792595,0.013200562398975046,0.915,0,2026-08-21_17-19-04_coop-cube-control-s1,17-19-04_coop-cube-control-s1,4,3999,0
7,1,0,0.10376962623658101,0.3013046869752809,0.05952811129200539,0.0486710085179447,0.93,0,2026-08-21_17-19-04_coop-cube-control-s1,17-19-04_coop-cube-control-s1,4,3999,0
0,0,0,0.3244823759811025,0.008920860869976455,0.02036510223661475,-0.00018412351751823097,0.0,1,2026-08-21_19-40-27_coop-cube-control-s2,19-40-27_coop-cube-control-s2,2,3999,0
1,0,0,0.3245619914193484,0.008909084110777288,0.0,-0.0001841235175181477,0.0,1,2026-08-21_19-40-27_coop-cube-control-s2,19-40-27_coop-cube-control-s2,2,3999,0
2,0,0,0.2850075622544279,0.017152827335277454,0.0,-0.0001841235175181477,0.0,0,2026-08-21_19-40-27_coop-cube-control-s2,19-40-27_coop-cube-control-s2,2,3999,0
3,0,0,0.31806844695661024,0.009922333867771194,0.0,-0.0001841235175181477,0.0,1,2026-08-21_19-40-27_coop-cube-control-s2,19-40-27_coop-cube-control-s2,2,3999,0
4,0,0,0.3177489444473178,0.00997504741192956,0.00709553193000137,-0.00018412351751828648,0.0,1,2026-08-21_19-40-27_coop-cube-control-s2,19-40-27_coop-cube-control-s2,2,3999,0
5,0,0,0.32577806820652117,0.008731113199359486,0.0,-0.000184123517518342,0.0,1,2026-08-21_19-40-27_coop-cube-control-s2,19-40-27_coop-cube-control-s2,2,3999,0
6,0,0,0.32478421004980274,0.008876295234372056,0.0,-0.0001841235175181477,0.0,1,2026-08-21_19-40-27_coop-cube-control-s2,19-40-27_coop-cube-control-s2,2,3999,0
7,0,0,0.28180736123689637,0.018084043173693165,0.0,-0.0001841235175181477,0.0,0,2026-08-21_19-40-27_coop-cube-control-s2,19-40-27_coop-cube-control-s2,2,3999,0
0,0,0,0.32448237598110213,0.008920860869976455,0.0,-0.0001841235175181477,0.0,1,2026-08-21_19-40-27_coop-cube-control-s2,19-40-27_coop-cube-control-s2,3,3999,0
0,1,1,0.5265744035296677,0.00030866709517662905,0.04453564283147707,-0.00018412351751825873,0.0,1,2026-08-21_19-40-27_coop-cube-control-s2,19-40-27_coop-cube-control-s2,3,3999,0
1,0,0,0.3245619914193483,0.008909084110777288,0.0,-0.0001841235175181477,0.0,1,2026-08-21_19-40-27_coop-cube-control-s2,19-40-27_coop-cube-control-s2,3,3999,0
1,1,1,0.5089222293692152,0.00041422671618174256,0.0,-0.0001841235175181477,0.0,0,2026-08-21_19-40-27_coop-cube-control-s2,19-40-27_coop-cube-control-s2,3,3999,0
2,0,0,0.2850075622544271,0.017152827335277676,0.0,-0.0001841235175181477,0.0,0,2026-08-21_19-40-27_coop-cube-control-s2,19-40-27_coop-cube-control-s2,3,3999,0
2,1,1,0.532486213050454,0.00027970840702018496,0.0,-0.00018412351751803668,0.0,1,2026-08-21_19-40-27_coop-cube-control-s2,19-40-27_coop-cube-control-s2,3,3999,0
3,0,0,0.3180684469566104,0.009922333867771194,0.0,-0.0001841235175181477,0.0,1,2026-08-21_19-40-27_coop-cube-control-s2,19-40-27_coop-cube-control-s2,3,3999,0
3,1,1,0.5325545548684607,0.0002793900365269941,0.0,-0.0001841235175181477,0.0,1,2026-08-21_19-40-27_coop-cube-control-s2,19-40-27_coop-cube-control-s2,3,3999,0
4,0,0,0.3177489444473177,0.00997504741192956,0.0,-0.0001841235175181477,0.0,1,2026-08-21_19-40-27_coop-cube-control-s2,19-40-27_coop-cube-control-s2,3,3999,0
4,1,1,0.5328064190789012,0.00027821985160914053,0.009934236003715319,-0.00018412351751825873,0.0,1,2026-08-21_19-40-27_coop-cube-control-s2,19-40-27_coop-cube-control-s2,3,3999,0
5,0,0,0.3257780682065212,0.008731113199359486,0.0,-0.0001841235175181477,0.0,1,2026-08-21_19-40-27_coop-cube-control-s2,19-40-27_coop-cube-control-s2,3,3999,0
5,1,1,0.5283392550188826,0.0002997214718527541,0.0,-0.0001841235175181477,0.0,1,2026-08-21_19-40-27_coop-cube-control-s2,19-40-27_coop-cube-control-s2,3,3999,0
6,0,0,0.32478421004980235,0.008876295234372167,0.0,-0.0001841235175181477,0.0,1,2026-08-21_19-40-27_coop-cube-control-s2,19-40-27_coop-cube-control-s2,3,3999,0
6,1,1,0.5055006342116695,0.00043852984863701483,0.0,-0.0001841235175181477,0.0,0,2026-08-21_19-40-27_coop-cube-control-s2,19-40-27_coop-cube-control-s2,3,3999,0
7,0,0,0.28180736100850223,0.01808404324190882,0.0,-0.0001841235175181477,0.0,0,2026-08-21_19-40-27_coop-cube-control-s2,19-40-27_coop-cube-control-s2,3,3999,0
7,1,1,0.4905767894892265,0.0005623344091266747,0.0,-0.0001841235175181477,0.0,0,2026-08-21_19-40-27_coop-cube-control-s2,19-40-27_coop-cube-control-s2,3,3999,0
0,0,0,0.32448237598110236,0.008920860869976455,0.0203702290779183,-0.00018412351751811995,0.0,1,2026-08-21_19-40-27_coop-cube-control-s2,19-40-27_coop-cube-control-s2,4,3999,0
0,1,0,0.3197081065854084,0.009656142606329854,0.0,-0.0001841235175181477,0.0,1,2026-08-21_19-40-27_coop-cube-control-s2,19-40-27_coop-cube-control-s2,4,3999,0
1,0,0,0.3245619914193485,0.008909084110777288,0.0,-0.0001841235175181477,0.0,1,2026-08-21_19-40-27_coop-cube-control-s2,19-40-27_coop-cube-control-s2,4,3999,0
1,1,0,0.32523956484398275,0.00880948141784954,0.0,-0.00018412351751798117,0.0,1,2026-08-21_19-40-27_coop-cube-control-s2,19-40-27_coop-cube-control-s2,4,3999,0
2,0,0,0.2850075622544277,0.017152827335277565,0.0,-0.0001841235175181477,0.0,0,2026-08-21_19-40-27_coop-cube-control-s2,19-40-27_coop-cube-control-s2,4,3999,0
2,1,0,0.3181357288690441,0.009911268652193272,0.0,-0.0001841235175181477,0.0,1,2026-08-21_19-40-27_coop-cube-control-s2,19-40-27_coop-cube-control-s2,4,3999,0
3,0,0,0.3180684469566101,0.009922333867771194,0.0,-0.0001841235175181477,0.0,1,2026-08-21_19-40-27_coop-cube-control-s2,19-40-27_coop-cube-control-s2,4,3999,0
3,1,0,0.2861925815140216,0.016820198189737234,0.0,-0.0001841235175181477,0.0,0,2026-08-21_19-40-27_coop-cube-control-s2,19-40-27_coop-cube-control-s2,4,3999,0
4,0,0,0.3177489444473178,0.00997504741192956,0.009408332943273479,-0.00018412351751836975,0.0,1,2026-08-21_19-40-27_coop-cube-control-s2,19-40-27_coop-cube-control-s2,4,3999,0
4,1,0,0.32430141008300384,0.00894768712416949,0.0,-0.0001841235175181477,0.0,1,2026-08-21_19-40-27_coop-cube-control-s2,19-40-27_coop-cube-control-s2,4,3999,0
5,0,0,0.3257780682065211,0.008731113199359486,0.0005583378534473327,-0.0001841235175181477,0.0,1,2026-08-21_19-40-27_coop-cube-control-s2,19-40-27_coop-cube-control-s2,4,3999,0
5,1,0,0.33040458867348677,0.008085790203923415,6.373991408692437e-05,-0.00018412351751795342,0.0,1,2026-08-21_19-40-27_coop-cube-control-s2,19-40-27_coop-cube-control-s2,4,3999,0
6,0,0,0.32478421004980235,0.008876295234372167,0.0,-0.0001841235175181477,0.0,1,2026-08-21_19-40-27_coop-cube-control-s2,19-40-27_coop-cube-control-s2,4,3999,0
6,1,0,0.28767732565863025,0.016412451475611545,0.0,-0.0001841235175181477,0.0,0,2026-08-21_19-40-27_coop-cube-control-s2,19-40-27_coop-cube-control-s2,4,3999,0
7,0,0,0.2818073612096669,0.018084043181825882,0.0,-0.0001841235175181477,0.0,0,2026-08-21_19-40-27_coop-cube-control-s2,19-40-27_coop-cube-control-s2,4,3999,0
7,1,0,0.28591380374493314,0.01689786981684438,0.0,-0.0001841235175181477,0.0,0,2026-08-21_19-40-27_coop-cube-control-s2,19-40-27_coop-cube-control-s2,4,3999,0
0,0,0,0.039815614378965386,0.6798656556547453,0.21343289952254235,0.18430939040209182,0.955,0,2026-08-20_00-51-54_coop-cube-notilt-s0,00-51-54_coop-cube-notilt-s0,2,3999,0
1,0,0,0.029231867688269984,0.7611078348149227,0.12317268535469506,0.010413118608481237,0.955,1,2026-08-20_00-51-54_coop-cube-notilt-s0,00-51-54_coop-cube-notilt-s0,2,3999,0
2,0,0,0.020725149537281145,0.8289874041909883,0.17218727243682674,-0.00024512360804021527,0.955,1,2026-08-20_00-51-54_coop-cube-notilt-s0,00-51-54_coop-cube-notilt-s0,2,3999,0
3,0,0,0.02776647556175229,0.7726556402038062,0.07515820023598044,0.06177703338325313,0.955,0,2026-08-20_00-51-54_coop-cube-notilt-s0,00-51-54_coop-cube-notilt-s0,2,3999,0
4,0,0,0.0401164074378812,0.6776177476836955,0.16313079752537574,0.04065764811902428,0.955,1,2026-08-20_00-51-54_coop-cube-notilt-s0,00-51-54_coop-cube-notilt-s0,2,3999,0
5,0,0,0.033579489271161916,0.7272531197107951,0.15735308117595287,0.04989995144304493,0.84,1,2026-08-20_00-51-54_coop-cube-notilt-s0,00-51-54_coop-cube-notilt-s0,2,3999,0
6,0,0,0.033324914155867,0.7292178957359869,0.15040186469699496,0.06397580484794693,0.955,0,2026-08-20_00-51-54_coop-cube-notilt-s0,00-51-54_coop-cube-notilt-s0,2,3999,0
7,0,0,0.03661849700311975,0.7039777550383131,0.16517417158116615,0.04607096497658694,0.955,1,2026-08-20_00-51-54_coop-cube-notilt-s0,00-51-54_coop-cube-notilt-s0,2,3999,0
0,0,0,0.03368632126250687,0.7264292810745177,0.1807728508681984,0.0027435106141825705,0.955,1,2026-08-20_00-51-54_coop-cube-notilt-s0,00-51-54_coop-cube-notilt-s0,3,3999,0
0,1,1,0.36570659326629984,0.004497587965711647,0.057031177732872085,0.04393092311334443,0.0,0,2026-08-20_00-51-54_coop-cube-notilt-s0,00-51-54_coop-cube-notilt-s0,3,3999,0
1,0,0,0.02923186768827003,0.7611078348149224,0.12317268535469433,0.010413414213063521,0.955,1,2026-08-20_00-51-54_coop-cube-notilt-s0,00-51-54_coop-cube-notilt-s0,3,3999,0
1,1,1,0.373325130215088,0.003962336286754797,0.05687397537712688,-0.0001969801945084504,0.0,0,2026-08-20_00-51-54_coop-cube-notilt-s0,00-51-54_coop-cube-notilt-s0,3,3999,0
2,0,0,0.02072514953727924,0.8289874041910037,0.17218727243997078,-0.00024880236687091495,0.955,1,2026-08-20_00-51-54_coop-cube-notilt-s0,00-51-54_coop-cube-notilt-s0,3,3999,0
2,1,1,0.3442568728467232,0.006424190604822244,0.057009692762288955,-0.0001949199599565743,0.0,0,2026-08-20_00-51-54_coop-cube-notilt-s0,00-51-54_coop-cube-notilt-s0,3,3999,0
3,0,0,0.02776647556175316,0.7726556402037994,0.09101065723104279,0.090523200626653,0.955,0,2026-08-20_00-51-54_coop-cube-notilt-s0,00-51-54_coop-cube-notilt-s0,3,3999,0
3,1,1,0.33910251684617937,0.0069984485205899505,0.05700558574309031,-0.0001951429180759301,0.0,0,2026-08-20_00-51-54_coop-cube-notilt-s0,00-51-54_coop-cube-notilt-s0,3,3999,0
4,0,0,0.02991756354697157,0.755727208579778,0.1631006386903492,0.030956166407581948,0.955,1,2026-08-20_00-51-54_coop-cube-notilt-s0,00-51-54_coop-cube-notilt-s0,3,3999,0
4,1,1,0.37013441280554243,0.0041782990780409035,0.029061114127721527,-0.00018997497568742916,0.0,0,2026-08-20_00-51-54_coop-cube-notilt-s0,00-51-54_coop-cube-notilt-s0,3,3999,0
5,0,0,0.03108595968566155,0.7465935632913746,0.18681112462306265,0.008828386258124543,0.955,1,2026-08-20_00-51-54_coop-cube-notilt-s0,00-51-54_coop-cube-notilt-s0,3,3999,0
5,1,1,0.3498431182027381,0.005854743328182366,0.027458123146970603,-0.00013563203782651634,0.0,0,2026-08-20_00-51-54_coop-cube-notilt-s0,00-51-54_coop-cube-notilt-s0,3,3999,0
6,0,0,0.033328080314210744,0.7291934458583397,0.14678643611093956,0.036312422090506086,0.955,0,2026-08-20_00-51-54_coop-cube-notilt-s0,00-51-54_coop-cube-notilt-s0,3,3999,0
6,1,1,0.34510191871246904,0.006334630419229104,0.05691587957484212,-0.0001973684034801415,0.0,0,2026-08-20_00-51-54_coop-cube-notilt-s0,00-51-54_coop-cube-notilt-s0,3,3999,0
7,0,0,0.036618497003120344,0.7039777550383086,0.1651728911930671,0.06337273799537604,0.955,1,2026-08-20_00-51-54_coop-cube-notilt-s0,00-51-54_coop-cube-notilt-s0,3,3999,0
7,1,1,0.37490775793538234,0.0038593866415898015,0.03245054711240988,-0.00019521781240536273,0.0,0,2026-08-20_00-51-54_coop-cube-notilt-s0,00-51-54_coop-cube-notilt-s0,3,3999,0
0,0,0,0.03994821938196273,0.6788742164010618,0.13865248964247462,0.056095283076729924,0.955,1,2026-08-20_00-51-54_coop-cube-notilt-s0,00-51-54_coop-cube-notilt-s0,4,3999,0
0,1,0,0.021003315910605096,0.8267380389708564,0.12799067410294518,0.07636323213065604,0.955,1,2026-08-20_00-51-54_coop-cube-notilt-s0,00-51-54_coop-cube-notilt-s0,4,3999,0
1,0,0,0.029231867688270873,0.7611078348149157,0.12317268535469145,0.010293868889648533,0.955,1,2026-08-20_00-51-54_coop-cube-notilt-s0,00-51-54_coop-cube-notilt-s0,4,3999,0
1,1,0,0.058953376487188305,0.5447697148771445,0.10999809907394811,0.0625119995574551,0.95,0,2026-08-20_00-51-54_coop-cube-notilt-s0,00-51-54_coop-cube-notilt-s0,4,3999,0
2,0,0,0.02072514953727867,0.8289874041910084,0.1721872724427514,-0.0004654832031082967,0.955,1,2026-08-20_00-51-54_coop-cube-notilt-s0,00-51-54_coop-cube-notilt-s0,4,3999,0
2,1,0,0.08069155287041138,0.4134241964000488,0.028440208658253557,-0.0003355511897312202,0.945,0,2026-08-20_00-51-54_coop-cube-notilt-s0,00-51-54_coop-cube-notilt-s0,4,3999,0
3,0,0,0.027766475561775607,0.772655640203622,0.07515820023596795,0.05581809438505991,0.955,0,2026-08-20_00-51-54_coop-cube-notilt-s0,00-51-54_coop-cube-notilt-s0,4,3999,0
3,1,0,0.03401550701020738,0.7238932807983147,0.20751408686151823,0.02174077289918827,0.955,1,2026-08-20_00-51-54_coop-cube-notilt-s0,00-51-54_coop-cube-notilt-s0,4,3999,0
4,0,0,0.03283127600456189,0.733034151372205,0.16311814136891156,0.08646826875070018,0.955,1,2026-08-20_00-51-54_coop-cube-notilt-s0,00-51-54_coop-cube-notilt-s0,4,3999,0
4,1,0,0.030447436448616083,0.7515795774631777,0.15500952913904603,-0.0006024964446157133,0.955,1,2026-08-20_00-51-54_coop-cube-notilt-s0,00-51-54_coop-cube-notilt-s0,4,3999,0
5,0,0,0.040471515870368145,0.6749686002122335,0.12095400408512308,0.05398618409577205,0.955,1,2026-08-20_00-51-54_coop-cube-notilt-s0,00-51-54_coop-cube-notilt-s0,4,3999,0
5,1,0,0.04235764866302662,0.6609839336089656,0.12242663737403198,0.000992378642047459,0.955,1,2026-08-20_00-51-54_coop-cube-notilt-s0,00-51-54_coop-cube-notilt-s0,4,3999,0
6,0,0,0.033314682295033794,0.7292969111487452,0.2755296528340705,0.0615748659957672,0.955,1,2026-08-20_00-51-54_coop-cube-notilt-s0,00-51-54_coop-cube-notilt-s0,4,3999,0
6,1,0,0.019797591380603385,0.8365007815205181,0.08347623776929716,0.04106037584212646,0.955,0,2026-08-20_00-51-54_coop-cube-notilt-s0,00-51-54_coop-cube-notilt-s0,4,3999,0
7,0,0,0.03661849700311926,0.7039777550383168,0.16517228407109324,0.06213802173736277,0.945,1,2026-08-20_00-51-54_coop-cube-notilt-s0,00-51-54_coop-cube-notilt-s0,4,3999,0
7,1,0,0.02889589550122534,0.763749581771637,0.08772837340753017,0.0011435398942316877,0.955,1,2026-08-20_00-51-54_coop-cube-notilt-s0,00-51-54_coop-cube-notilt-s0,4,3999,0
0,0,0,0.18844976541189878,0.08290829807458744,0.0,-0.0001841235175181477,0.77,0,2026-08-20_03-35-35_coop-cube-nodrift-s0,03-35-35_coop-cube-nodrift-s0,2,3999,0
1,0,0,0.1974421269463409,0.07178308482755313,0.0,-0.0001841235175181477,0.515,0,2026-08-20_03-35-35_coop-cube-nodrift-s0,03-35-35_coop-cube-nodrift-s0,2,3999,0
2,0,0,0.2038331588596947,0.06476496219931094,0.0,-0.0001841235175181477,0.0,0,2026-08-20_03-35-35_coop-cube-nodrift-s0,03-35-35_coop-cube-nodrift-s0,2,3999,0
3,0,0,0.18820094491885125,0.08323849407002637,0.0,-0.0001841235175181477,0.785,0,2026-08-20_03-35-35_coop-cube-nodrift-s0,03-35-35_coop-cube-nodrift-s0,2,3999,0
4,0,0,0.20570550817751848,0.06283764529254654,0.0,-0.0001841235175181477,0.0,0,2026-08-20_03-35-35_coop-cube-nodrift-s0,03-35-35_coop-cube-nodrift-s0,2,3999,0
5,0,0,0.18604422691106876,0.08615371980071007,0.0,-0.0001841235175181477,0.92,0,2026-08-20_03-35-35_coop-cube-nodrift-s0,03-35-35_coop-cube-nodrift-s0,2,3999,0
6,0,0,0.11502430391390737,0.25637692446239935,0.03470286831066066,0.024581328577356315,0.94,0,2026-08-20_03-35-35_coop-cube-nodrift-s0,03-35-35_coop-cube-nodrift-s0,2,3999,0
7,0,0,0.19036497007095632,0.08040836793667505,0.0,-0.0001841235175181477,0.915,0,2026-08-20_03-35-35_coop-cube-nodrift-s0,03-35-35_coop-cube-nodrift-s0,2,3999,0
0,0,0,0.1884497654118975,0.0829082980745891,0.0,-0.0001841235175181477,0.77,0,2026-08-20_03-35-35_coop-cube-nodrift-s0,03-35-35_coop-cube-nodrift-s0,3,3999,0
0,1,1,0.5210454789457584,0.00033845704286739053,0.0,-0.0001841235175181477,0.0,1,2026-08-20_03-35-35_coop-cube-nodrift-s0,03-35-35_coop-cube-nodrift-s0,3,3999,0
1,0,0,0.1974421269463444,0.07178308482754914,0.0,-0.0001841235175181477,0.515,0,2026-08-20_03-35-35_coop-cube-nodrift-s0,03-35-35_coop-cube-nodrift-s0,3,3999,0
1,1,1,0.5454745466508999,0.00022527066902688908,0.0,-0.0001841235175181477,0.0,1,2026-08-20_03-35-35_coop-cube-nodrift-s0,03-35-35_coop-cube-nodrift-s0,3,3999,0
2,0,0,0.20383315885969439,0.06476496219931127,0.0,-0.0001841235175181477,0.0,0,2026-08-20_03-35-35_coop-cube-nodrift-s0,03-35-35_coop-cube-nodrift-s0,3,3999,0
2,1,1,0.4893679444567238,0.0005737756130991256,0.0,-0.0001841235175181477,0.0,0,2026-08-20_03-35-35_coop-cube-nodrift-s0,03-35-35_coop-cube-nodrift-s0,3,3999,0
3,0,0,0.18820094491884995,0.08323849407002804,0.0,-0.0001841235175181477,0.785,0,2026-08-20_03-35-35_coop-cube-nodrift-s0,03-35-35_coop-cube-nodrift-s0,3,3999,0
3,1,1,0.44747772891553667,0.0011529958555447362,0.0,-0.0001841235175181477,0.0,0,2026-08-20_03-35-35_coop-cube-nodrift-s0,03-35-35_coop-cube-nodrift-s0,3,3999,0
4,0,0,0.20570550817751593,0.0628376452925491,0.0,-0.0001841235175181477,0.0,0,2026-08-20_03-35-35_coop-cube-nodrift-s0,03-35-35_coop-cube-nodrift-s0,3,3999,0
4,1,1,0.4483829093842081,0.0011357417226692812,0.0,-0.0001841235175181477,0.0,0,2026-08-20_03-35-35_coop-cube-nodrift-s0,03-35-35_coop-cube-nodrift-s0,3,3999,0
5,0,0,0.1860442269110691,0.08615371980070952,0.0,-0.0001841235175181477,0.92,0,2026-08-20_03-35-35_coop-cube-nodrift-s0,03-35-35_coop-cube-nodrift-s0,3,3999,0
5,1,1,0.5287076990116211,0.0002978868750377339,0.0,-0.0001841235175181477,0.0,1,2026-08-20_03-35-35_coop-cube-nodrift-s0,03-35-35_coop-cube-nodrift-s0,3,3999,0
6,0,0,0.11502566126317236,0.2563718680992868,0.034602583822154226,0.024453504433819162,0.94,0,2026-08-20_03-35-35_coop-cube-nodrift-s0,03-35-35_coop-cube-nodrift-s0,3,3999,0
6,1,1,0.447622309945976,0.0011502224407949901,0.0,-0.0001841235175181477,0.0,0,2026-08-20_03-35-35_coop-cube-nodrift-s0,03-35-35_coop-cube-nodrift-s0,3,3999,0
7,0,0,0.19036497007095632,0.08040836793667505,0.0,-0.0001841235175181477,0.915,0,2026-08-20_03-35-35_coop-cube-nodrift-s0,03-35-35_coop-cube-nodrift-s0,3,3999,0
7,1,1,0.4895266671974399,0.0005722601987447895,0.0,-0.0001841235175181477,0.0,0,2026-08-20_03-35-35_coop-cube-nodrift-s0,03-35-35_coop-cube-nodrift-s0,3,3999,0
0,0,0,0.18844976541189856,0.08290829807458777,0.0,-0.0001841235175181477,0.77,0,2026-08-20_03-35-35_coop-cube-nodrift-s0,03-35-35_coop-cube-nodrift-s0,4,3999,0
0,1,0,0.20430264618280264,0.06427639077288949,0.0,-0.0001841235175181477,0.0,0,2026-08-20_03-35-35_coop-cube-nodrift-s0,03-35-35_coop-cube-nodrift-s0,4,3999,0
1,0,0,0.1974421269463466,0.07178308482754658,0.0,-0.0001841235175181477,0.515,0,2026-08-20_03-35-35_coop-cube-nodrift-s0,03-35-35_coop-cube-nodrift-s0,4,3999,0
1,1,0,0.20801568388963745,0.06053603704223853,0.0,-0.0001841235175181477,0.0,0,2026-08-20_03-35-35_coop-cube-nodrift-s0,03-35-35_coop-cube-nodrift-s0,4,3999,0
2,0,0,0.20383315885969466,0.06476496219931105,0.0,-0.0001841235175181477,0.0,0,2026-08-20_03-35-35_coop-cube-nodrift-s0,03-35-35_coop-cube-nodrift-s0,4,3999,0
2,1,0,0.19917084836327506,0.06981554619758967,0.0,-0.0001841235175181477,0.725,0,2026-08-20_03-35-35_coop-cube-nodrift-s0,03-35-35_coop-cube-nodrift-s0,4,3999,0
3,0,0,0.18820094491885178,0.0832384940700257,0.0,-0.0001841235175181477,0.785,0,2026-08-20_03-35-35_coop-cube-nodrift-s0,03-35-35_coop-cube-nodrift-s0,4,3999,0
3,1,0,0.17857832031708543,0.09701574222581366,0.0,-0.0001841235175181477,0.93,0,2026-08-20_03-35-35_coop-cube-nodrift-s0,03-35-35_coop-cube-nodrift-s0,4,3999,0
4,0,0,0.20570550817751704,0.06283764529254798,0.0,-0.0001841235175181477,0.0,0,2026-08-20_03-35-35_coop-cube-nodrift-s0,03-35-35_coop-cube-nodrift-s0,4,3999,0
4,1,0,0.2068450684857496,0.06169191842355082,0.0,-0.0001841235175181477,0.0,0,2026-08-20_03-35-35_coop-cube-nodrift-s0,03-35-35_coop-cube-nodrift-s0,4,3999,0
5,0,0,0.18604422691107014,0.08615371980070807,0.0,-0.0001841235175181477,0.92,0,2026-08-20_03-35-35_coop-cube-nodrift-s0,03-35-35_coop-cube-nodrift-s0,4,3999,0
5,1,0,0.18920339194085706,0.08191583128672342,0.0,-0.0001841235175181477,0.715,0,2026-08-20_03-35-35_coop-cube-nodrift-s0,03-35-35_coop-cube-nodrift-s0,4,3999,0
6,0,0,0.1150253053841733,0.25637319380249557,0.034537188495178645,0.024398901606231316,0.94,0,2026-08-20_03-35-35_coop-cube-nodrift-s0,03-35-35_coop-cube-nodrift-s0,4,3999,0
6,1,0,0.18907921996971844,0.08207856984146733,0.0,-0.0001841235175181477,0.035,0,2026-08-20_03-35-35_coop-cube-nodrift-s0,03-35-35_coop-cube-nodrift-s0,4,3999,0
7,0,0,0.19036497007095537,0.08040836793667627,0.0,-0.0001841235175181477,0.915,0,2026-08-20_03-35-35_coop-cube-nodrift-s0,03-35-35_coop-cube-nodrift-s0,4,3999,0
7,1,0,0.1898412699437545,0.0810846925617501,0.0,-0.0001841235175181477,0.035,0,2026-08-20_03-35-35_coop-cube-nodrift-s0,03-35-35_coop-cube-nodrift-s0,4,3999,0
0,0,0,0.39528940772747734,0.0027493651645081885,0.001985267961662651,-0.0001841235175181477,0.0,1,2026-08-19_23-36-03_coop-cube-ungated-s0,23-36-03_coop-cube-ungated-s0,2,3999,0
1,0,0,0.38542347540662064,0.0032399457407648047,0.005714031879495457,-0.00018412351751825873,0.0,1,2026-08-19_23-36-03_coop-cube-ungated-s0,23-36-03_coop-cube-ungated-s0,2,3999,0
2,0,0,0.3916007228157409,0.0029234398584608856,0.02746874370633881,-0.00018412351751831424,0.0,1,2026-08-19_23-36-03_coop-cube-ungated-s0,23-36-03_coop-cube-ungated-s0,2,3999,0
3,0,0,0.33576832051449096,0.007396881462705562,0.08065651033418123,-0.00018412351751803668,0.0,1,2026-08-19_23-36-03_coop-cube-ungated-s0,23-36-03_coop-cube-ungated-s0,2,3999,0
4,0,0,0.3851282769243365,0.0032558994553557596,0.02479913674909892,-0.00018412351751831424,0.0,1,2026-08-19_23-36-03_coop-cube-ungated-s0,23-36-03_coop-cube-ungated-s0,2,3999,0
5,0,0,0.3916727174916096,0.0029199392120774492,0.01405072556775358,-0.00018412351751817546,0.0,1,2026-08-19_23-36-03_coop-cube-ungated-s0,23-36-03_coop-cube-ungated-s0,2,3999,0
6,0,0,0.3852286931318537,0.003250463776646395,0.059401885473756855,-0.0001841335108234421,0.0,1,2026-08-19_23-36-03_coop-cube-ungated-s0,23-36-03_coop-cube-ungated-s0,2,3999,0
7,0,0,0.38595227381563146,0.0032115622174486713,0.01228917761116785,-0.00018412351751825873,0.0,1,2026-08-19_23-36-03_coop-cube-ungated-s0,23-36-03_coop-cube-ungated-s0,2,3999,0
0,0,0,0.39528940772747734,0.0027493651645081885,0.0034426183496515106,-0.00018412351751811995,0.0,1,2026-08-19_23-36-03_coop-cube-ungated-s0,23-36-03_coop-cube-ungated-s0,3,3999,0
0,1,1,0.14664305671703617,0.15974936388696137,0.0,-0.0022179000193970067,0.045,0,2026-08-19_23-36-03_coop-cube-ungated-s0,23-36-03_coop-cube-ungated-s0,3,3999,0
1,0,0,0.3854234754066217,0.0032399457407648047,0.005714031879493542,-0.00018412351751811995,0.0,1,2026-08-19_23-36-03_coop-cube-ungated-s0,23-36-03_coop-cube-ungated-s0,3,3999,0
1,1,1,0.18346611823250542,0.08976652342235103,0.056696623707907484,0.026755318038539228,0.025,1,2026-08-19_23-36-03_coop-cube-ungated-s0,23-36-03_coop-cube-ungated-s0,3,3999,0
2,0,0,0.3916007228157407,0.0029234398584608856,0.027468743706332427,-0.00018412351751820322,0.0,1,2026-08-19_23-36-03_coop-cube-ungated-s0,23-36-03_coop-cube-ungated-s0,3,3999,0
2,1,1,0.46557480465385875,0.0008529075131618047,0.0,-0.0001841235175181477,0.0,1,2026-08-19_23-36-03_coop-cube-ungated-s0,23-36-03_coop-cube-ungated-s0,3,3999,0
3,0,0,0.33576832051449557,0.007396881462705007,0.08065651033417298,-0.00018412351751798117,0.0,1,2026-08-19_23-36-03_coop-cube-ungated-s0,23-36-03_coop-cube-ungated-s0,3,3999,0
3,1,1,0.18445585933382028,0.0883627947488349,0.056643011836027685,0.038371434913634206,0.025,1,2026-08-19_23-36-03_coop-cube-ungated-s0,23-36-03_coop-cube-ungated-s0,3,3999,0
4,0,0,0.3851282769243365,0.0032558994553557596,0.024799136749098394,-0.0001841235175181477,0.0,1,2026-08-19_23-36-03_coop-cube-ungated-s0,23-36-03_coop-cube-ungated-s0,3,3999,0
4,1,1,0.08204980519143051,0.4060491693899325,0.05249336101811419,0.0329651247554201,0.875,0,2026-08-19_23-36-03_coop-cube-ungated-s0,23-36-03_coop-cube-ungated-s0,3,3999,0
5,0,0,0.39167271749160937,0.0029199392120774492,0.014050725567753997,-0.00018412351751820322,0.0,1,2026-08-19_23-36-03_coop-cube-ungated-s0,23-36-03_coop-cube-ungated-s0,3,3999,0
5,1,1,0.10383687314908027,0.30101797725146173,0.00759407886494462,-0.0022698458778810937,0.085,0,2026-08-19_23-36-03_coop-cube-ungated-s0,23-36-03_coop-cube-ungated-s0,3,3999,0
6,0,0,0.3852286931318537,0.003250463776646395,0.05940188547376021,-0.00018413422537333357,0.0,1,2026-08-19_23-36-03_coop-cube-ungated-s0,23-36-03_coop-cube-ungated-s0,3,3999,0
6,1,1,0.1809098838797277,0.09349092813957482,0.060406510655946544,0.03939024819280551,0.045,1,2026-08-19_23-36-03_coop-cube-ungated-s0,23-36-03_coop-cube-ungated-s0,3,3999,0
7,0,0,0.385952273815632,0.0032115622174485603,0.012289177611164381,-0.00018412351751820322,0.0,1,2026-08-19_23-36-03_coop-cube-ungated-s0,23-36-03_coop-cube-ungated-s0,3,3999,0
7,1,1,0.1311281769961208,0.20212586423328127,0.0025988125312257637,-0.0022980905215837233,0.075,0,2026-08-19_23-36-03_coop-cube-ungated-s0,23-36-03_coop-cube-ungated-s0,3,3999,0
0,0,0,0.39528940772747745,0.0027493651645081885,0.001985267961665038,-0.00018412351751831424,0.0,1,2026-08-19_23-36-03_coop-cube-ungated-s0,23-36-03_coop-cube-ungated-s0,4,3999,0
0,1,0,0.39453858349089244,0.0027839379737631953,0.07988599041265543,-0.0001841235175180922,0.0,1,2026-08-19_23-36-03_coop-cube-ungated-s0,23-36-03_coop-cube-ungated-s0,4,3999,0
1,0,0,0.38542347540662103,0.0032399457407648047,0.005714031879494902,-0.00018412351751825873,0.0,1,2026-08-19_23-36-03_coop-cube-ungated-s0,23-36-03_coop-cube-ungated-s0,4,3999,0
1,1,0,0.3783106570928839,0.003646980942457856,0.055420652657317965,-0.00018382161170707456,0.0,1,2026-08-19_23-36-03_coop-cube-ungated-s0,23-36-03_coop-cube-ungated-s0,4,3999,0
2,0,0,0.3916007228157403,0.0029234398584608856,0.02746874370632965,-0.00018412351751817546,0.0,1,2026-08-19_23-36-03_coop-cube-ungated-s0,23-36-03_coop-cube-ungated-s0,4,3999,0
2,1,0,0.3864468278468429,0.003185241483412371,0.0,-0.0001841235175181477,0.0,1,2026-08-19_23-36-03_coop-cube-ungated-s0,23-36-03_coop-cube-ungated-s0,4,3999,0
3,0,0,0.33576832051449057,0.007396881462705562,0.08065651033417984,-0.00018412351751806444,0.0,1,2026-08-19_23-36-03_coop-cube-ungated-s0,23-36-03_coop-cube-ungated-s0,4,3999,0
3,1,0,0.3849915324760028,0.003263316232470337,0.03585955958646353,-0.000184123517518342,0.0,1,2026-08-19_23-36-03_coop-cube-ungated-s0,23-36-03_coop-cube-ungated-s0,4,3999,0
4,0,0,0.38512827692433627,0.0032558994553557596,0.024799136749100892,-0.00018412351751820322,0.0,1,2026-08-19_23-36-03_coop-cube-ungated-s0,23-36-03_coop-cube-ungated-s0,4,3999,0
4,1,0,0.392508727253017,0.0028795945525653677,0.001917114161361172,-0.00018412351751828648,0.0,1,2026-08-19_23-36-03_coop-cube-ungated-s0,23-36-03_coop-cube-ungated-s0,4,3999,0
5,0,0,0.3916727174916095,0.0029199392120774492,0.014050725567748168,-0.000184123517518342,0.0,1,2026-08-19_23-36-03_coop-cube-ungated-s0,23-36-03_coop-cube-ungated-s0,4,3999,0
5,1,0,0.38730208604456373,0.00314023093295579,0.003157286353896116,-0.0001839494315507284,0.0,1,2026-08-19_23-36-03_coop-cube-ungated-s0,23-36-03_coop-cube-ungated-s0,4,3999,0
6,0,0,0.3852286931318536,0.003250463776646506,0.0594018856004451,-0.0001841308800223651,0.0,1,2026-08-19_23-36-03_coop-cube-ungated-s0,23-36-03_coop-cube-ungated-s0,4,3999,0
6,1,0,0.3955226169527156,0.0027387142217483174,0.024797370440236166,-0.00018412351751820322,0.0,1,2026-08-19_23-36-03_coop-cube-ungated-s0,23-36-03_coop-cube-ungated-s0,4,3999,0
7,0,0,0.3859522738156319,0.0032115622174485603,0.012289177611171431,-0.00018412351751820322,0.0,1,2026-08-19_23-36-03_coop-cube-ungated-s0,23-36-03_coop-cube-ungated-s0,4,3999,0
7,1,0,0.39095051710900824,0.002955245692635833,0.006428623929492311,-0.00018395858422912137,0.0,1,2026-08-19_23-36-03_coop-cube-ungated-s0,23-36-03_coop-cube-ungated-s0,4,3999,0
