kind,label,run_dir,n_logged,eplen_last50,reward_last50,track_last50,fall_last50,timeout_last50,button_rew_last50,button_term_last50,button_term_max,progress_last50,progress_max,dead_rew_last50,dead_term_last50,metrics_success_last50,metrics_success_max,terrain_levels_last50
mazenav,mazenav-blind-s0,2026-09-17_18-12-07_mazenav-blind-s0,6000,483.3095989990234,21.884945678710938,0.6088573825359345,,0.939927591085434,0.0,0.0,0.0,0.00017958510987227782,0.0004409788816701621,0.0,0.0,0.9959854590892792,1.0,
mazenav,mazenav-lidar-s0,2026-09-17_18-14-59_mazenav-lidar-s0,6000,483.1759979248047,21.955735626220704,0.5966557502746582,,0.9460933673381805,0.0,0.0,0.0,0.0002093544416129589,0.00048602104652673006,0.0,0.0,0.9937725031375885,1.0,
mazenav,mazenav-blind-s1,2026-09-17_18-17-06_mazenav-blind-s1,6000,482.37260192871094,20.818630619049074,0.6138581275939942,,0.9456099653244019,0.0,0.0,0.0,0.00022234901873162017,0.00046336380182765424,0.0,0.0,0.9910413575172424,1.0,
mazenav,mazenav-lidar-s1,2026-09-17_18-20-02_mazenav-lidar-s1,6000,481.39060302734373,21.41479072570801,0.599110735654831,,0.9343579256534577,0.0,0.0,0.0,0.0001857554868911393,0.0005432828329503536,0.0,0.0,0.9912596571445466,1.0,
mazenav,mazenav-blind-s2,2026-09-17_20-29-35_mazenav-blind-s2,6000,485.6399987792969,21.876833457946777,0.5950480484962464,,0.9586238837242127,0.0,0.0,0.0,0.00021676638629287482,0.0005324776284396648,0.0,0.0,0.9892407619953155,1.0,
mazenav,mazenav-stereo-s1,2026-09-17_22-33-58_mazenav-stereo-s1,6000,480.53960021972654,22.135621604919432,0.6278459918498993,,0.9442745172977447,0.0,0.0,0.0,0.00013965057834866457,0.0002582560700830072,0.0,0.0,0.9888276982307435,1.0,
mazenav,mazenav-both-s1,2026-09-17_23-23-52_mazenav-both-s1,6000,482.97140014648437,21.409165458679198,0.5760769033432007,,0.943039163351059,0.0,0.0,0.0,0.0002113050449406728,0.00036137920687906444,0.0,0.0,0.9875128793716431,1.0,
mazenav,mazenav-stereo-s0,2026-09-17_23-27-31_mazenav-stereo-s0,6000,483.9167999267578,22.255733528137206,0.5789797532558442,,0.9495406317710876,0.0,0.0,0.0,0.00026315929047996176,0.0003375496598891914,0.0,0.0,0.9901339423656463,1.0,
mazenav,mazenav-both-s0,2026-09-17_23-55-36_mazenav-both-s0,6000,485.9685998535156,22.55200740814209,0.57433100938797,,0.9570402204990387,0.0,0.0,0.0,0.0002655861590756103,0.000391651876270771,0.0,0.0,0.9892986071109772,1.0,
mazenav,mazenav-lidar-s2,2026-09-18_00-18-42_mazenav-lidar-s2,6000,482.44859924316404,21.795608901977538,0.5915241575241089,,0.9403975617885589,0.0,0.0,0.0,0.00024074506072793155,0.0003977605956606567,0.0,0.0,0.9926326251029969,1.0,
mazenav,mazenav-stereo-s2,2026-09-18_02-38-36_mazenav-stereo-s2,6000,485.2027996826172,22.05130676269531,0.5845577538013458,,0.9545341181755066,0.0,0.0,0.0,0.00027005523443222044,0.0003470727242529392,0.0,0.0,0.9886375904083252,1.0,
mazenav,mazenav-both-s2,2026-09-18_04-29-09_mazenav-both-s2,6000,487.31919921875,22.379890480041503,0.5901410698890686,,0.9614286458492279,0.0,0.0,0.0,0.00025806510180700573,0.00037919869646430016,0.0,0.0,0.9918945014476777,1.0,
